,alamat_jalan,bangunan,bujur,desa_kelurahan,kabupaten_kota,kecamatan,kode_pengelolaan,koleksi,lintang,luas_tanah,museum_id,nama,pengelola,propinsi,sdm,standar,status_kepemilikan,sumber_dana,tahun_berdiri,tipe
0,"Jl. Silang Monas, Gambir",Baru,106.8271310,-,Kota Jakarta Pusat,Gambir,MS000126,,-6.1754140,80000,CD3B85D4-9056-436C-A8D4-DDAD448CB8B0,Monumen Nasional ,PEMERINTAH DAERAH,D.K.I. Jakarta,,C,,PEMERINTAH DAERAH,1975,Umum
1,Jl. Diponegoro No. 29,Lama,106.8377380,-,Kota Jakarta Selatan,Cilandak,MS000085,,-6.1995800,,1D2791AF-E637-4CF2-A687-962C3133EDEA,Museum Adam Malik (tidak aktif),Yayasan Adam Malik,D.K.I. Jakarta,,-,,YAYASAN ADAM MALIK,1985,khusus
2,Jl. Batan I No.2 Lebak Bulus,Baru,106.7712970,-,Kota Jakarta Selatan,Cilandak,MS000095,,-6.2908520,,2FFA5520-A076-4A74-B1D4-A4F94FDAA3FA,Museum Al-Qur’an,Perguruan Tinggi Ilmu Al Quran,D.K.I. Jakarta,,-,,PERGURUAN TINGGI ILMU AL QURAN,1981,Khusus
3,Gedung Lembaga Alkitab Indonesia Lt. 2 Jl. Salemba Raya No. 12 Senen,Lama,106.9025100,-,Kota Jakarta Pusat,Senen,MS000089,6000,-6.1408990,,C9A0C7E9-E930-4EE3-8E39-9B907D1ED89B,Museum Alkitab,Yayasan Lembaga Alkitab Indonesia,D.K.I. Jakarta,,B,,YAYASAN LEMBAGA ALKITAB INDONESIA,1954,khusus
4,Jl. Salemba No.6,Lama,106.8486230,-,Kota Jakarta Pusat,Senen,MS000142,,-6.1939590,,1738F1BC-5849-4B6F-97D9-F0C22EAEDEAE,"Museum Anatomy FK, UI",Fakultas Kedokteran UI,D.K.I. Jakarta,,-,,FAKULTAS KEDOKTERAN UI,,khusus
5,"Jl. Rajawali Selatan Raya no. 3 Gn. Sahari Utara, Sawah Besar",Baru,106.8402340,-,Kota Jakarta Pusat,Sawah Besar,MS000134,,-6.1469940,2000,4A33CF6F-A284-4E42-830B-E7DC755614CD,Museum Art Mon Decor,Swasta,D.K.I. Jakarta,,-,,SWASTA,2011,khusus
6,Gd. Bank Indonesia Lt. 6 Jl. Kebon Sirih No. 82 - 84,Baru,106.8264110,-,Kota Jakarta Pusat,Menteng,MS000061,,-6.1827780,,55C9B159-693F-4B1E-9A7D-79C07EE381AE,Museum Artha Suaka,Bank Indonesia,D.K.I. Jakarta,,-,,BANK INDONESIA,2006,khusus
7,Kompleks Taman Mini,Baru,106.8959610,-,Kota Jakarta Timur,Cipayung,MS000049,,-6.3001030,6500,3E27F2C6-C170-4132-BB59-598DD39DD84C,Museum Asmat,YAYASAN Harapan Kita,D.K.I. Jakarta,,B,,YAYASAN HARAPAN KITA,1986,Khusus
8,Jl. Pasar Ikan  No.1,Lama,106.8089750,-,Kota Jakarta Utara,Penjaringan,MS000136,126,-6.1273430,,DE051784-7E56-40B4-91B8-EA042423D2BD,Museum Bahari,PEMERINTAH DAERAH,D.K.I. Jakarta,,A,,PEMERINTAH DAERAH,1977,Khusus
9,Jl. M.H. Thamrin No. 2,Baru,106.8127080,-,Kota Jakarta Barat,Taman Sari,MS000065,,-6.1371980,,54000A62-6DD2-4A4B-9AB6-8037C15B2E6F,Museum Bank Indonesia,BANKINDONESIA,D.K.I. Jakarta,,A,,BANK  INDONESIA,2006,Khusus
10,"Jl. Lapangan Stasiun No. 1,  (Depan Stasiun Kota)",Lama,106.8130390,-,Kota Jakarta Barat,Taman Sari,MS000141,,-6.1381770,10039,D4EC3CD9-240D-441F-9350-EF17ADA8380E,Museum Bank Mandiri,BANKMANDIRI,D.K.I. Jakarta,,A,,BANK  MANDIRI,1998,Khusus
11,Jl. Gajah Mada No. 1,,106.8195610,-,Kota Jakarta Barat,Taman Sari,MS000002,,-6.1670710,500,3C67B43A-1145-40EA-A601-007B31D8CA08,Museum Bank Tabungan Negara,"PT. Bank Tabungan Negara (PERSERO), Tbk",D.K.I. Jakarta,,-,,"PT. BANK TABUNGAN NEGARA (PERSERO), TBK",,Khusus
12,Jl. Keuangan Raya No.19,Lama,106.7933580,-,Kota Jakarta Selatan,Cilandak,MS000094,843,-6.2897580,300,9B03CD40-F0C5-4DB1-BAFF-A24ECDBA81A5,Museum Basoeki Abdullah ,KEMENTERIAN PENDIDIKAN DAN KEBUDAYAAN,D.K.I. Jakarta,20,A,,KEMENTERIAN PENDIDIKAN DAN KEBUDAYAAN,2001,Khusus
13,Kompleks Taman Mini – Jakarta Timur,Baru,106.8872550,-,Kota Jakarta Timur,Pasar Rebo,MS000071,,-6.3025620,12000,9596C596-72CC-4CA0-9B3D-8766C6B2264E,Museum Bayt  Al-Qur’an dan Museum Istiqlal,KEMENTERIAN AGAMA,D.K.I. Jakarta,,A,,KEMENTERIAN AGAMA,1997,Khusus
14,Kompleks Taman Mini,Baru,106.9034390,-,Kota Jakarta Timur,Pasar Rebo,MS000090,,-6.3007030,60000,FCF615AD-7676-4547-A59C-9BA46CB6773B,Museum Burung,YAYASAN Harapan Kita,D.K.I. Jakarta,,A,,YAYASAN HARAPAN KITA,1986,Khusus
15,Jl. Kemang  Timur  66,Lama,106.8245130,-,Kota Jakarta Selatan,Mampang Prapatan,MS000053,2800,-6.2676280,4200,D3F6BD8D-5C64-4420-83D6-64644FCB4184,Museum Di Tengah Kebun,Swasta,D.K.I. Jakarta,,-,,SWASTA,2009,Umum
16,Kompleks Parlemen Gd Nusantara Lt. 2 Jl. Gatot Subroto,Baru,106.7993420,-,Kota Jakarta Selatan,Kebayoran Baru,MS000109,571,-6.2092810,,D85E4BC1-170E-4D75-AF81-C5AA52CD9A6E,Museum DPR / MPR,Yayasan Museum DPR-RI,D.K.I. Jakarta,,-,,YAYASAN MUSEUM DPR-RI,1997,khusus
17,Kompleks Taman Mini,Baru,106.8947910,-,Kota Jakarta Timur,Pasar Rebo,MS000006,,-6.3057890,5500,1FF22796-E364-473C-9DA0-0D2CC2F0908F,Museum Dunia Air Tawar,Badan Pengelola dan Pengembangan TMII,D.K.I. Jakarta,,A,,BADAN PENGELOLA DAN PENGEMBANGAN TMII,1994,Khusus
18,Kompleks Taman Mini,Baru,106.9010580,-,Kota Jakarta Timur,Cipayung,MS000059,150,-6.3037670,10120,D7DDF935-95AE-41F4-8D71-728889E05766,Museum Fauna Indonesia/ Komodo,YAYASAN Harapan Kita,D.K.I. Jakarta,,-,,YAYASAN HARAPAN KITA,1978,Khusus
19,"Jl. Melaka Nomor 7-9, Roa Malaka, Tambora, Kawasan Kota Tua",Lama,106.8155740,-,Kota Jakarta Pusat,Sawah Besar,MS000129,,-6.1356960,90,C40E439C-FD31-421D-AD23-E3D3E355AD38,Museum Galeri Melaka,PEMERINTAH DAERAH,D.K.I. Jakarta,,-,,PEMERINTAH DAERAH,2013,khusus
20,Kompleks Taman Mini,Baru,106.8992820,-,Kota Jakarta Timur,Cipayung,MS000120,,-6.3038920,35000,0E99E31B-983E-42B2-8E0D-D26FCF047A5D,Museum Graha Widya Patra (Minyak dan Gas Bumi) ,PERTAMINA,D.K.I. Jakarta,,-,,PERTAMINA,1989,Khusus
21,Kompleks Taman Mini,baru,106.8935890,-,Kota Jakarta Timur,Cipayung,MS000063,,-6.2995770,5000,9B84C649-64AE-478E-9EB3-7DAE2AFAC590,Museum Hakka Indonesia TMII,Badan Pengelola dan Pengembangan TMII,D.K.I. Jakarta,,-,,BADAN PENGELOLA DAN PENGEMBANGAN TMII,2014,khusus
22,Jl. Cilandak Tengah No. 71,Lama,106.8018170,-,Kota Jakarta Selatan,Cilandak,MS000125,,-6.2892210,,F8D9DAA6-75B1-4330-BAD6-DA85E1568FBA,Museum Hari Darsono,Yayasan Hari Darsono,D.K.I. Jakarta,,-,,YAYASAN HARI DARSONO,2001,khusus
23,"Jl. Taman Mini I, Kompleks Taman Mini",Baru,106.8913750,-,Kota Jakarta Timur,Pasar Rebo,MS000087,,-6.3010560,7000,84B089D5-12F1-4E6F-BD44-9AC6B3475328,Museum Indonesia,Badan Pengelola dan Pengembangan TMII,D.K.I. Jakarta,,B,,BADAN PENGELOLA DAN PENGEMBANGAN TMII,1980,Khusus
24,Jl. Menteng Raya  No.31,Lama,106.8364410,-,Kota Jakarta Pusat,Menteng,MS000054,,-6.1861720,2400,6E1B1391-6080-47ED-B165-6A6EA5497C3B,Museum Joang’ 45,PEMERINTAH DAERAH,D.K.I. Jakarta,,B,,PEMERINTAH DAERAH,1974,Khusus
25,Jl. Katedral 7,Lama,106.8329960,-,Kota Jakarta Pusat,Sawah Besar,MS000100,,-6.1691900,400,991324D5-1CE3-40F6-8E83-B312B7BD2CBB,Museum Katedral,Gereja Katedral,D.K.I. Jakarta,,C,,GEREJA KATEDRAL,1991,Khusus
26,Jl. Abdulrahman Saleh  No.26,Lama,106.8380940,-,Kota Jakarta Pusat,Senen,MS000149,2042,-6.1783470,14625,8F1EFBF9-183E-4091-8727-FE7D5E3DA072,Museum Kebangkitan Nasional,KEMENTERIAN PENDIDIKAN DAN KEBUDAYAAN,D.K.I. Jakarta,,A,,KEMENTERIAN PENDIDIKAN DAN KEBUDAYAAN,1974,Khusus
27,Gedung Manggala Wanabakti Blok VI Jl. Jend. Gatot Subroto,Baru,106.7993900,-,Kota Jakarta Selatan,Setia Budi,MS000022,883,-6.2064420,1466,A93FE774-8272-4672-A980-35A95D165D20,Museum Kehutanan Manggala Wanabhakti,KLH dan Kehutanan,D.K.I. Jakarta,,C,,KLH DAN KEHUTANAN,1983,Khusus
28,"Kompleks Taman Mini, Jl Raya Pondok Gede",Baru,106.8967390,-,Kota Jakarta Timur,Cipayung,MS000048,,-6.3056530,4500,6455DE7E-6AE5-4115-AA47-58FC750DD70E,Museum Keprajuritan  ,Pusjarah TNI,D.K.I. Jakarta,,C,,PUSJARAH TNI,1987,Khusus
29,"Jl. H. Kamang N0. 38, Pondok Labu",Baru,106.7905730,-,Kota Jakarta Selatan,Cilandak,MS000081,,-6.3078770,,E12F5E5B-AD5C-4F53-80B5-931F36F5BAEC,Museum Layang-layang,Merindo Kites & Gallery,D.K.I. Jakarta,,B,,MERINDO KITES & GALLERY,2003,Khusus
30,"Jl. Raya Taman Mini, Komp. Taman Mini Indonesia Indah ",Baru,106.9050150,-,Kota Jakarta Timur,Cipayung,MS000082,,-6.3033740,30000,6E066BE2-C62D-447C-894D-93869637B6BA,Museum Listrik dan Energi Baru,PT. PLN (Persero) Pusdiklat,D.K.I. Jakarta,,B,,PT. PLN (PERSERO) PUSDIKLAT,1995,Khusus
31,Jl. Pasar Minggu Km. 18,Lama,106.8452780,-,Kota Jakarta Selatan,Pasar Minggu,MS000029,,-6.1665900,,46B01467-450E-4913-9562-3D12095E1BC3,Museum Lukisan S. Sujoyono,Yayasan S. Sudjojono Center,D.K.I. Jakarta,,-,,YAYASAN S. SUDJOJONO CENTER,1989,Khusus
32,Jl. Kenari  No.15,Lama,106.8452780,-,Kota Jakarta Pusat,Senen,MS000083,,-6.1933370,870,FA9ABE78-1010-4A82-8AC8-94662EA100BD,Museum Moh. Husni Thamrin,PEMERINTAH DAERAH,D.K.I. Jakarta,,-,,PEMERINTAH DAERAH,1986,Khusus
33,Jl. Merdeka Barat  No.12,Baru,106.8216760,-,Kota Jakarta Pusat,Gambir,MS000130,140000,-6.1764020,26000,69ACA843-4828-4B56-90D1-E5F11B3186FB,Museum Nasional,KEMENTERIAN PENDIDIKAN DAN KEBUDAYAAN,D.K.I. Jakarta,,A,,KEMENTERIAN PENDIDIKAN DAN KEBUDAYAAN,1868,Umum
34,"Jl. Teuku Umar No. 40,  Menteng",Lama,106.8327700,-,Kota Jakarta Pusat,Menteng,MS000051,,-6.1929550,2000,C73070E3-072D-49D6-9338-606F6BCA7443,Museum Nasional Jenderal Besar DR. A.H. Nasution ,DINAS SEJARAH ANGKATAN DARAT ,D.K.I. Jakarta,,B,,DINAS SEJARAH ANGKATAN DARAT ,2008,Khusus
35,Jalan Raya Taman Mini Indonesia Indah,Baru,106.8890310,-,Kota Jakarta Timur,Cipayung,MS000127,,-6.3042830,15000,138F74BB-ADD8-4A1C-BC59-DDFBD4B28C9E,Museum Olahraga Nasional,KEMENTERIAN PEMUDA DAN OLAHRAGA,D.K.I. Jakarta,,B,,KEMENTERIAN PEMUDA DAN OLAHRAGA,1989,Khusus
36,Jl. Taman Mini 1,Baru,106.8838790,-,Kota Jakarta Timur,Makasar,MS000078,,-6.2960970,52000,E58370C3-334B-4211-9431-8E53B7D3FF30,Museum Padepokan Pencak Silat,Badan Pengelola dan Pengembangan TMII,D.K.I. Jakarta,,-,,BADAN PENGELOLA DAN PENGEMBANGAN TMII,1997,Khusus
37,Jl. Pondok Gede,Baru,106.8900490,-,Kota Jakarta Timur,Cipayung,MS000150,,-6.3008040,14300,6E7F674F-65F9-4264-8D85-FFD9D01D82BA,Museum Pancasila Sakti,Pusjarah TNI,D.K.I. Jakarta,,-,,PUSJARAH TNI,1972,Khusus
38,-,,106.5225200,-,Kab. Kepulauan Seribu,Kepulauan Seribu Selatan,MS000039,,-5.8028290,,6B603398-2C25-456B-98B3-47916086B659,Museum Paus,,D.K.I. Jakarta,,-,,,,
39,TMII,,106.8878500,-,Kota Jakarta Timur,Pasar Rebo,MS000099,,-6.3035020,,8BF36D81-BBA8-4B4C-B3EE-B27E419CF70E,Museum Pemadam Kebakaran ,,D.K.I. Jakarta,,,,,,
40,Jl. Pintu II Kompleks Taman Mini,Baru,106.8927330,-,Kota Jakarta Timur,Cipayung,MS000128,486,-6.2999960,10850,8F3F3CAC-7EF6-48EB-8AA2-E09EBC15FD6D,Museum Penerangan,Kementerian Komunikasi & Informasi,D.K.I. Jakarta,,B,,KEMENTERIAN KOMUNIKASI & INFORMASI,1993,Khusus
41,Kompleks Taman Mini,Baru,106.9017610,-,Kota Jakarta Timur,Cipayung,MS000064,,-6.3041720,9590,D53E84E0-4F2E-4D3D-9226-7F48D2A74058,Museum Perangko,POS DAN GIRO,D.K.I. Jakarta,,B,,POS DAN GIRO,1983,Khusus
42,Jl. Antara No. 59-61,Lama,106.8341890,Pasar Baru,Kota Jakarta Pusat,Sawah Besar,MS000032,,-6.1656600,,8EE8C8F1-9ECF-45D6-9894-40656CAA59D9,Museum Pers Antara (Graha Bakti Antara),Lembaga Kantor Berita Nasional (LKBN) Antara,D.K.I. Jakarta,,B,,LEMBAGA KANTOR BERITA NASIONAL,1992,Khusus
43,Jl. Imam Bonjol No.1,Lama,106.8310690,-,Kota Jakarta Pusat,Menteng,MS000013,804,-6.2004730,3914,A5D88FFC-34B6-4531-AFBA-21B9C911C879,Museum Perumusan   Naskah Proklamasi,KEMENTERIAN PENDIDIKAN DAN KEBUDAYAAN,D.K.I. Jakarta,,A,,KEMENTERIAN PENDIDIKAN DAN KEBUDAYAAN,1992,Khusus
44,Jl. Trunojoyo No. 3,Baru,106.8027980,-,Kota Jakarta Selatan,Kebayoran Baru,MS000008,,-6.2393720,,F0EFC5C5-6719-400E-9AC7-178970370265,Museum POLRI ,Bidang Museum Pusjarah POLRI,D.K.I. Jakarta,,C,,BIDANG MUSEUM PUSJARAH POLRI,2009,Khusus
45,Kepulauan Seribu,Lama,106.7350750,-,Kab. Kepulauan Seribu,Kepulauan Seribu Selatan,MS000012,,-6.0340490,,10915CDE-5BD7-456B-BB73-20B7B9E6160C,Museum Pulau Onrust,PEMERINTAH DAERAH,D.K.I. Jakarta,,-,,PEMERINTAH DAERAH,,Umum
46,"Jl. Taman Mini I, Kompleks Taman Mini",Baru,106.8866400,-,Kota Jakarta Timur,Cipayung,MS000035,13000,-6.3006640,19730,3D3E5470-5827-4FEF-9728-44948122B818,Museum Purna Bhakti Pertiwi,YAYASAN Purna Bhakti Pertiwi,D.K.I. Jakarta,,A,,YAYASAN PURNA BHAKTI PERTIWI,1993,Khusus
47,"Jl. Pintu I, Kompleks Taman Mini Indonesia Indah",Baru,106.8967280,-,Kota Jakarta Timur,Cipayung,MS000025,4640,-6.3056660,3800,4A64D407-6135-447D-853C-376505AD02E8,Museum Pusaka,YAYASAN Harapan Kita,D.K.I. Jakarta,,A,,YAYASAN HARAPAN KITA,1993,Khusus
48,Kompleks Taman Mini Indonesia Indah,Baru,106.9009390,-,Kota Jakarta Timur,Pasar Rebo,MS000079,,-6.3010870,1000,B74B507F-3DE1-4470-8B79-8ECFA3E3559B,Museum Pusat Peragaan IPTEK,"KEMENTERIAN RISET, TEKNOLOGI DAN DIKTI",D.K.I. Jakarta,,A,,"KEMENTERIAN RISET, TEKNOLOGI DAN DIKTI",1991,Khusus
49,Jl. Lebak Bulus No. 1,Lama,106.7858830,-,Kota Jakarta Selatan,Cilandak,MS000110,,-6.2970540,,EAF7AC06-6810-42DB-8111-C776B22CF4BC,Museum Reksa Artha,Perum Percetakan Uang Negara,D.K.I. Jakarta,,-,,PERUM PERCETAKAN UANG NEGARA,1989,khusus
50,Jl. Lembang No. 58,Lama,106.8365050,-,Kota Jakarta Pusat,Menteng,MS000122,,-6.2045340,1500,97FE1D6C-7A85-45F0-9BE3-D4CC6579800C,Museum Sasmita Loka A. Yani ,Pusjarah TNI,D.K.I. Jakarta,,-,,PUSJARAH TNI,1966,Khusus
51,Jl. Gatot Subroto  Kav. 14,Lama,106.8190830,-,Kota Jakarta Selatan,Setia Budi,MS000121,,-6.2311510,56670,C84F19DF-F87E-4914-827B-D39CFE63B9EC,Museum Satria Mandala,Pusjarah TNI,D.K.I. Jakarta,,A,,PUSJARAH TNI,1972,Khusus
52,Jl. Taman Fatahillah  No.1,Lama,106.8133210,-,Kota Jakarta Barat,Taman Sari,MS000056,23500,-6.1352430,13388,3BD65D8F-0BA9-45B5-81F0-6E2F0A23D20D,Museum Sejarah Kota Jakarta “Museum Fatahillah,PEMERINTAH DAERAH,D.K.I. Jakarta,,A,,PEMERINTAH DAERAH,1974,Khusus
53,"Gd. Mahkamah Konstitusi lt. 5 & 6, Jl. Medan Merdeka Barat no. 6",Baru,106.8220670,-,Kota Jakarta Pusat,Gambir,MS000077,,-6.1735890,1462,EDC34295-F7CA-450F-9CB4-8B8F75FBD6E2,Museum Sejarah Mahkamah Konstitusi (Pusat Sejarah Konstitusi MK),Mahkamah Konstitusi,D.K.I. Jakarta,,-,,MAHKAMAH KONSTITUSI,2014,khusus
54,Jl. Medan Merdeka Timur No. 14,Lama,106.8320380,-,Kota Jakarta Pusat,Gambir,MS000050,1785,-6.1782510,17600,DC658481-5F65-4949-AC8E-5F1E051C608D,Museum Seni Galeri Nasional Indonesia,Kementerian Pendidikan dan Kebudayaan,D.K.I. Jakarta,,-,,KEMENTERIAN PENDIDIKAN DAN KEBUDAYAAN,1999,khusus
55,Jl. Pos Kota  No.2,Lama,106.8143650,-,Kota Jakarta Barat,Taman Sari,MS000113,1414,-6.1342150,8875,51764722-CA84-4438-BB8B-CB504807E1CF,Museum Seni Rupa dan Keramik,PEMERINTAH DAERAH,D.K.I. Jakarta,,A,,PEMERINTAH DAERAH,1976,Khusus
56,Kompleks Taman Mini,Baru,106.8954340,-,Kota Jakarta Timur,Cipayung,MS000007,,-6.3057800,5000,92986F7D-24BA-4C42-AA6E-1487513CDACE,Museum Serangga,Badan Pengelola dan Pengembangan TMII,D.K.I. Jakarta,,B,,BADAN PENGELOLA DAN PENGEMBANGAN TMII,1993,Khusus
57,Jl. Kramat Raya  No.106,Lama,106.8431910,-,Kota Jakarta Pusat,Senen,MS000098,2867,-6.1837580,1040,98A61286-001D-48A2-9082-B02CE16D4051,Museum Sumpah Pemuda,KEMENTERIAN PENDIDIKAN DAN KEBUDAYAAN,D.K.I. Jakarta,,A,,KEMENTERIAN PENDIDIKAN DAN KEBUDAYAAN,1973,Khusus
58,Jl. Tanah Abang 1,Lama,106.8194970,-,Kota Jakarta Pusat,Tanah Abang,MS000067,,-6.1723410,1200,63EF6980-D393-4BF1-8DDD-813000997488,Museum Taman Prasasti,PEMERINTAH DAERAH,D.K.I. Jakarta,,C,,PEMERINTAH DAERAH,1977,Khusus
59,Jl. Aipda K.S. Tubun  No. 2 – 4,Lama,106.8096050,-,Kota Jakarta Barat,Grogol Petamburan,MS000105,1914,-6.1879170,16410,25D402FB-ACBA-4F0C-9869-BB5701FA75FC,Museum Tekstil,PEMERINTAH DAERAH,D.K.I. Jakarta,,A,,PEMERINTAH DAERAH,1976,Khusus
60,"Jl. Raya Taman Mini I, Kompleks Taman Mini",Baru,106.8891370,-,Kota Jakarta Timur,Cipayung,MS000017,,-6.3029920,23600,B89238FA-367C-458C-96A4-28FCEC804749,Museum Telekomunikasi ,PT.Telekomunikasi Indonesia,D.K.I. Jakarta,,C,,PT.TELEKOMUNIKASI INDONESIA,1991,Khusus
61,"Jl. Raya Taman Mini, Komp. Taman Mini Indonesia Indah ",Baru,106.9014520,-,Kota Jakarta Timur,Cipayung,MS000052,,-6.3032600,4988,69E5D7F5-FF8C-4277-A8B9-63067BC0BF49,Museum Timor Timur,Istana Anak-Anak Indonesia,D.K.I. Jakarta,,-,,ISTANA ANAK-ANAK INDONESIA,1980,khusus
62,"Jl. Raya Taman Mini, Kompleks Taman Mini",Baru,106.8988850,-,Kota Jakarta Timur,Cipayung,MS000030,,-6.3049050,62500,E547725D-AF54-449C-8E1B-3D6FC5BFB579,Museum Transportasi,Kementerian Perhubungan,D.K.I. Jakarta,,-,,KEMENTERIAN PERHUBUNGAN,1991,Khusus
63,Jl. Gatot Subroto Kav. 16,Lama,106.8189490,-,Kota Jakarta Selatan,Setia Budi,MS000119,,-6.2310130,1600,744EF7A5-C75D-4FD2-80AA-D12C4C3A10E4,Museum Waspada Purbawisesa,Pusjarah TNI,D.K.I. Jakarta,,-,,PUSJARAH TNI,1987,Khusus
64,Jl. Pintu Besar Utara  No.27,Lama,106.8125830,-,Kota Jakarta Barat,Taman Sari,MS000103,5147,-6.1348670,1920,8F4385E6-EA4D-45A8-A395-B5C736BEB2B6,Museum Wayang ,PEMERINTAH DAERAH,D.K.I. Jakarta,,A,,PEMERINTAH DAERAH,1975,Khusus
65, Jl. Ir. H. Juanda 22,Lama,106.7937480,-,Kota Bogor,Kota Bogor Tengah,MS000181,950000,-6.5990800,48000,4323FE97-D19E-4AB4-9F22-0A5ABEBA7D70,Herbarium Bogoriensi Museum,Lembaga Ilmu Pengetahuan Indonesia (LIPI) ,Prop. Jawa Barat,0,-,-,-,1982,-
66,Jl. Jend. Sudirman  No. 35,-,106.7970280,-,Kota Bogor,Tanah Sereal,MS000164,0,-6.5859190,0,06CD4CC9-400B-4D09-9647-9ADBABC4242C,Monumen & Museum Peta,ABRI,Prop. Jawa Barat,0,B,-,-,1995,Khusus
67,Sukapura,-,108.1847700,-,Kab. Tasikmalaya,Sukaraja,MS000177,0,-7.4481770,0,1005678D-D780-462E-B371-4197C49EAEAB,Museum Alit Leluhur Sukapura Kabupaten Tasikmalaya,Dinas Kebudayaan Pariwisata dan Olahraga Tasikmalaya,Prop. Jawa Barat,0,-,-,-,2000,-
68,Kawasan Pangkalan TNI Angkatan Udara Suryadarma,Lama,107.6574870,-,Kab. Subang,Subang,MS000178,0,-6.5273920,9000,5D5CBCE3-E794-4115-8275-AA837BFB7E39,Museum Amerta Dirgantara Mandala Lanud Suryadarma,TNI,Prop. Jawa Barat,0,-,-,-,1982,-
69,Jl. Prof. Dr. Ir. Sutami No.91,-,107.5875240,-,Kota Bandung,Sukasari,MS000162,0,-6.8782390,0,5F7960ED-FB2F-44C1-BD33-22FE8D9D5671,Museum Barli Bandung,SWASTA,Prop. Jawa Barat,0,C,-,-,1992,Khusus
70,Jln. Sunan Drajat,-,108.4774850,-,Kab. Cirebon,Astana Japura,MS000174,0,-6.7624010,0,7DB66329-F93C-4A1B-A758-CB796B573EC6,Museum Daerah Kab. Cirebon,-,Prop. Jawa Barat,0,-,-,-,0,-
71,Jl. Ir. H. Juanda No. 22 – 24,-,106.7938650,-,Kota Bogor,Kota Bogor Tengah,MS000160,3700,-6.5988510,0,F77687C0-B742-40E0-8184-091E7369EC11,Museum Etnobotani Indonesia,LIPI,Prop. Jawa Barat,0,C,-,-,1982,Khusus
72,Jl. KH. Ahmad Dahlan Ciamis,-,108.3500840,-,Kab. Ciamis,Ciamis,MS000175,0,-7.3321640,0,61C076C2-151D-450C-8D41-E5D110853BBE,Museum Galuh Pakuan,Yayasan Koesoemawinata,Prop. Jawa Barat,0,B,-,-,0,-
73,Jln. Merdeka No. 28,-,108.5707640,-,Kota Cirebon,Lemahwungkuk,MS000169,0,-6.7223700,0,BE8C1B4C-3929-4251-8851-123DF242BB1D,Museum Gedung Pusaka Keraton Kanoman,dinas kebudayaan pemuda dan olahraga kabupaten cirebon,Prop. Jawa Barat,0,C,-,-,1997,-
74,Jl. Diponegoro No.57,,107.6214780,-,Kota Bandung,Coblong,MS000060,,-6.9007040,,7D84B393-A1AD-42A8-B314-7748B470D9C3,Museum Geologi Bandung,Kementerian ESDM,Jawa Barat,,A,,,1929,Khusus
75,Kompleks Istana Kepresidenan Bogor Jl. Ir. H. Djuanda No.1,Baru,106.7956970,-,Kota Bogor,Kota Bogor Tengah,MS000165,0,-6.5980520,3211,1893CFDD-405C-42CD-A1EE-F94457B01E8F,Museum Kepresidenan Republik Indonesia Balai Kirti ,Kemendikbud,Prop. Jawa Barat,0,-,-,-,2014,Khusus
76,Jl. Keraton Kasepuhan No.43,-,108.5724280,-,Kota Cirebon,Lemahwungkuk,MS000183,0,-6.7247680,0,C5CC32F3-1D7B-4159-A7D1-2289606322DA,Museum Keraton Kacirebonan,Pemkot,Prop. Jawa Barat,0,-,-,-,0,-
77,"Jl Keraton Kasepuhan No 43, Kelurahan Kasepuhan",-,108.5725360,-,Kota Cirebon,Lemahwungkuk,MS000153,0,-6.7245680,0,5B0BFE96-9031-4C64-9AE9-0F3E6FDABFC0,Museum Keraton Kasepuhan ,SWASTA,Prop. Jawa Barat,0,C,-,-,0,Khusus
78,Jl. Asia Afrika No.65,,107.6094960,-,Kota Bandung,Sumur Bandung,MS000057,,-6.9211930,,41675945-A2A6-4031-9ED5-70E8080AA59B,Museum Konferensi Asia Afrika,Kementerian Luar Negeri,Jawa Barat,,A,,,1980,Khusus
79,Jl. Linggarjati,Lama,108.4737850,-,Kab. Kuningan,Cilimus,MS000166,0,-6.8848020,0,C392669D-C918-4D8A-A0B9-4C5714E6D6AB,Museum Linggarjati,Pemkab,Prop. Jawa Barat,0,C,-,-,1976,Khusus
80,Jl. Lembang Nomor 38,-,107.6112550,-,Kota Bandung,Sumur Bandung,MS000156,0,-6.9177360,4176,0E45B327-EBDD-4512-B789-D9BE386233B8,Museum Mandala Wangsit Siliwangi,ABRI,Prop. Jawa Barat,0,C,-,-,1966,Khusus
81,kawasan Sirkuit Sentul,Baru,106.8565470,-,Kab. Bogor,Babakan Madang,MS000182,0,-6.5362060,0,C916A0C3-3C94-4FD2-9F76-B02C0008892A,Museum Mobil dan Keramik Sentul,Sirkuit Sentul,Prop. Jawa Barat,0,-,-,-,0,-
82,Jl. Raya Pangandaran Km 3,-,108.6671980,-,Kab. Pangandaran,PANGANDARAN,MS000176,80,-7.6787180,2000,BB851F7F-960D-4732-8A96-763B7C3F9BE3,Museum Nyamuk ,Kementerian Kesehatan,Prop. Jawa Barat,0,C,-,-,2009,-
83,Jln. Raya Jakarta,-,106.7612450,-,Kab. Sukabumi,Parungkuda,MS000161,0,-6.8419550,0,38F01716-3106-4E0A-9764-3068A3FEB299,Museum Palagan Perjuangan 1945 Bojong Kokosan ,SWASTA,Prop. Jawa Barat,0,-,-,-,1992,Khusus
84,Jl. Sunan Drajat No.9,-,108.4790020,-,Kab. Cirebon,Sumber,MS000168,0,-6.7633900,0,C20BF8DA-8700-4870-9001-6D191E94FC23,Museum Pangeran Cakrabuana,Pemkab,Prop. Jawa Barat,0,C,-,-,2014,Umum
85,Jl. Dr.Setiabudhi No.229 ,Baru,107.5941650,-,Kota Bandung,Sukasari,MS000184,0,-6.8600030,6679,FAD9A30C-5D94-4260-8514-B420AC7993DC,Museum Pendidikan Nasional UPI,UPI,Prop. Jawa Barat,15,-,Institut Keguruan Bandung,RKAT Universitas,2015,Khusus
86,Jl. Merdeka No.56,Lama,106.7881250,-,Kota Bogor,Kota Bogor Tengah,MS000152,0,-6.5930400,0,06490A92-B4A9-4DEA-BD6D-CF2B20C1D313,Museum Perjuangan Bogor,ABRI,Prop. Jawa Barat,0,B,-,-,0,Khusus
87,Jln. Dipatiukur No.48,-,107.6184780,-,Kota Bandung,Coblong,MS000173,0,-6.8934390,72040,A0F3F442-8A0F-4C74-A8DA-9CDEB07C1CDC,Museum Perjuangan Rakyat Jawa Barat,BPKSNT Disbupar Jawa Barat,Prop. Jawa Barat,0,B,-,-,1995,-
88,Jl. Dr. Setiabudhi 268,-,107.5982080,-,Kota Bandung,Sukasari,MS000163,0,-6.8878340,0,4C772578-BF81-45E7-8A4B-3CD5C96898A3,Museum Popo Iskandar ,SWASTA,Prop. Jawa Barat,0,-,-,-,0,Khusus
89,Jl. Cilaki  No.73,-,107.6199720,-,Kota Bandung,Bandung Wetan,MS000155,0,-6.9023660,706,8108E6B2-B80E-4FE7-859C-E767A915934B,Museum Pos Indonesia,PT Pos Indonesia Persero,Prop. Jawa Barat,0,B,-,-,1983,Khusus
90,Jl. Prabu Geusan Ulun No. 40,,107.9213010,-,Kab. Sumedang,Sumedang Selatan,MS000034,2585,-6.8613230,,792E5C38-50A4-46C9-8704-43EC0BD42039,Museum Prabu Geusan Ulun,Yayasan Pangeran Sumedang,Jawa Barat,16,B,,YAYASAN PANGERAN SUMEDANG,,Khusus
91,Jl. Prabu Geusan Ulun No. 40,-,107.9213010,-,Kab. Sumedang,Sumedang Selatan,MS000151,2585,-6.8613230,0,77263747-D130-41C9-9DB7-4B01EC5CF651,Museum Prabu Geusan Ulun,Yayasan Pangeran Sumedang,Prop. Jawa Barat,16,B,-,"Yayasan Pangeran Sumedang, bantuan, dan sumbangan yang tidak mengikat lainnya",0,Khusus
92,Kawasan Kota Baru Parahyangan,Baru,107.4899150,-,Kab. Bandung Barat,Padalarang,MS000180,0,-6.8542390,0,DE8A0C0C-27B1-4BE2-A152-3B94EBB9530D,Museum Puspa IPTEK Sundial,-,Prop. Jawa Barat,0,-,-,-,2002,-
93,"Komplek Garuda E25 Lanud Suryadarma, Jl. Kalijati Barat",Lama,107.6541830,-,Kab. Subang,Kalijati,MS000157,0,-6.5266340,0,2CF825C4-88AA-41E0-8A1D-59F1454D86D6,Museum Rumah Sejarah Kalijati,Dinas Kebudayaan dan Pariwisata Kabupaten Subang,Prop. Jawa Barat,0,-,-,-,1986,Khusus
94,-,Baru,107.6086670,-,Kota Bandung,Sumur Bandung,MS000179,0,-6.9229410,0,2348B1D7-5475-475E-BE35-A342A8CF4D8B,Museum Sejarah Etnis Tionghoa di Indonesia,Yayasan Dana Sosial Priangan Bandung,Prop. Jawa Barat,0,-,-,-,2012,-
95,Ds. Segaran (Kec. Batujaya) dan Desa Telagajaya (Kecamatan Pakisjaya),-,107.1840050,-,Kab. Karawang,Pakisjaya,MS000170,341,-6.0500440,0,D04964CC-CB23-4C16-8F06-F30C59A67E98,Museum Site Museum Batujaya,Balai Pelestarian Peninggalan Purbakala Serang,Prop. Jawa Barat,0,C,-,-,2006,-
96,"Kampung Cipari, Ds. Cigugur,",-,108.4688420,-,Kab. Kuningan,Cigugur,MS000167,0,-6.9621340,7000,AE12DD4C-BDB0-42FA-ABE7-04A256337059,Museum Situs Cipari,BPCB Serang Banten,Prop. Jawa Barat,0,C,-,-,1978,Khusus
97,Jl. BKR. No 185,,107.6034610,-,Kota Bandung,Astananyar,MS000040,6600,-6.9377640,84155,E594DE03-2BD9-407A-976A-4BFCA2EC1128,Museum Sri Baduga ,PEMERINTAH PROVINSI,Jawa Barat,,A,,,1980,Umum
98,Ds. Tambaksari,-,108.5551370,-,Kab. Ciamis,Tambaksari,MS000172,0,-7.2340980,0,C5494339-50DD-46EE-A3C8-B5ED25F8A92A,Museum Tambaksari,Pemkab,Prop. Jawa Barat,0,-,-,-,0,-
99,Jl. Ir. H. Juanda  No. 98,-,106.7977480,-,Kota Bogor,Kota Bogor Tengah,MS000159,0,-6.6035750,0,3F8EBC82-DA1C-4B7B-AE57-F05BB450F018,Museum Tanah,LIPI,Prop. Jawa Barat,0,C,-,-,1988,Khusus
100,Jl. Gatot Subroto  No. 96,-,107.6329720,-,Kota Bandung,Lengkong,MS000154,400,-6.9261320,0,E6D4207A-87FF-41F1-801C-6671EEA03464,Museum Virajati Seskoad,ABRI,Prop. Jawa Barat,0,-,-,-,1991,Khusus
101,Jl. Ir. H. Juanda No. 9 ,-,106.7969380,-,Kota Bogor,Kota Bogor Tengah,MS000158,2000,-6.6036200,0,78070390-12E7-4794-903A-7B40F7A76FE8,Museum Zoologi Bogor,TNI AU,Prop. Jawa Barat,0,B,-,-,0,Khusus
102,Gedung Wisma Karya Jln. Ade Irma Suryani No. 2,-,107.7580670,-,Kab. Subang,Cibogo,MS000171,211,-6.5714020,0,5E75EE4E-CAC7-4110-9B11-97C902154C12,UPTD Museum Subang,Pemda Kab. Subang melalui Disbudparpora dan UPDT Museum kab. Subang,Prop. Jawa Barat,0,-,-,-,2003,Umum
103,Dalam  Kompleks  Percandian  Dieng,-,109.9053040,-,Kab. Banjarnegara,Batur,MS000225,0,-7.2087500,0,9C779486-9B4F-490B-A4D6-738AC191B6EE,Dieng Plateu Museum (Museum Kaliasa Dieng),BP3 Jawa Tengah ,Prop. Jawa Tengah,0,-,-,-,0,Khusus
104,Jl. Gajah Mada No. 59,-,110.8183240,-,Kota Surakarta,Banjarsari,MS000208,0,-7.5651200,0,D3A9A185-8A1E-4AA8-B50B-4010AAD46D91,Monumen Pers Nasional,PEMKOT,Prop. Jawa Tengah,0,-,-,-,0,Khusus
105,Jl. Jend. Sudirman No.27,-,109.2254300,-,Kab. Banyumas,Banyumas,MS000201,0,-7.4239700,0,F3F03D43-7F49-4836-9F6A-5ECD731D4331,Museum Bank Rakyat Indonesia,BUMN,Prop. Jawa Tengah,0,B,-,-,0,Khusus
106,Jl. Brigjend. Slamet Riyadi No.261,Baru,110.8159850,-,Kota Surakarta,Laweyan,MS000221,1042,-7.5691480,1017,24FE6165-30FA-4D36-B617-BE4B3BB76843,Museum Batik Danar Hadi ,SWASTA,Prop. Jawa Tengah,15,B,Raden Haji Santosa,-,2000,Khusus
107,Jalan Jetayu No. 3,-,109.6753980,-,Kota Pekalongan,Pekalongan Utara,MS000196,0,-6.8788260,0,30EC6CED-2911-48AA-B6B3-0C61C9FC99DD,Museum Batik Pekalongan,"Dinas Perhubungan, Par bud Kota Pekalongan",Prop. Jawa Tengah,0,A,-,"Dinas Perhubungan, Par bud Kota Pekalongan",2006,Khusus
108,Jl. Diponegoro No. 1,-,110.2138540,-,Kota Magelang,Magelang Tengah,MS000212,0,-7.4745290,0,36BD33D7-020C-49E8-B315-B582E629D011,Museum BPK RI,BPK ,Prop. Jawa Tengah,0,C,-,-,0,Khusus
109,Jl. Jenderal A. Yani No.21,-,110.2173640,-,Kota Magelang,Magelang Utara,MS000193,0,-7.4726990,0,6A199CDE-8B17-4A0F-8E13-ED22E44F1A66,Museum Bumi Putera 1912,SWASTA,Prop. Jawa Tengah,0,B,-,-,1985,Khusus
110,Jl. Dr. Cipto Mangun Kusumo,-,109.9052070,-,Kota Surakarta,Laweyan,MS000226,0,-7.2086770,0,A45CDC9C-1E6E-4C53-AFF1-9D5D2628955E,Museum Dullah,-,Prop. Jawa Tengah,0,-,-,-,0,-
111,Jl.Pemuda No. 35,-,110.9173370,-,Kab. Grobogan,Purwodadi,MS000187,0,-7.0901340,0,7EBBF427-4367-4823-B9EF-76447DDCFC17,Museum Grobogan,Museum Lokal Pemda Grobogan,Prop. Jawa Tengah,0,-,-,-,0,Khusus
112,Kompleks Pabrik Gula Gondang Baru,-,110.5607570,-,Kab. Klaten,Jogonalan,MS000192,0,-7.7223200,0,702DF41A-17F8-468C-8A9F-48A403BCE3FA,Museum Gula,SWASTA,Prop. Jawa Tengah,0,C,-,-,1986,Khusus
113,Jl. Letnan Tukiyat 32,-,110.8108640,-,Kab. Magelang,Mungkid,MS000227,0,-7.5650590,0,20B33F90-673F-4284-B5B7-850A40FEFC46,Museum Haji Widayat,PT. Haji Widayat,Prop. Jawa Tengah,0,A,-,-,0,Khusus
114,Jl. Mgr. Soegiyopranoto,-,110.4024760,-,Kab. Semarang,Ambarawa,MS000190,0,-7.2601050,0,595F565D-8AB5-499D-8911-5DB8F803EA66,Museum Isdiman (Palagan Ambarawa),ABRI,Prop. Jawa Tengah,0,C,-,-,1974,Khusus
115,"Jl. Ronggowarsito,",-,110.8219450,-,Kota Surakarta,Banjarsari,MS000205,0,-7.5678900,0,308E805E-9E4A-4F67-9F6B-A2DDCDC4BE8A,Museum Istana Mangkunegaran ,SWASTA,Prop. Jawa Tengah,0,-,-,-,0,Khusus
116,Jl. Lawu No. 11 Tawamangu,-,111.1336640,-,Kab. Karanganyar,Tawangmangu,MS000216,0,-7.6639200,0,528B869B-1BAF-4049-8C65-7BCF4CC8524C,Museum Jamu Hortus Medicus,Balai Besar Penelitian dan Pengembangan Tanaman Obat dan Obat Tradisional,Prop. Jawa Tengah,0,-,-,-,0,Khusus
117, ,-,110.4101840,-,Kota Semarang,Gayamsari,MS000207,0,-7.0689980,0,5C61D1A0-8184-4142-96A5-0B4E0191DF65,Museum Jamu Jago,SWASTA,Prop. Jawa Tengah,0,B,-,-,0,Khusus
118,Jl. Raya Kaligawe Km 4 ,-,110.4499270,-,Kota Semarang,Gayamsari,MS000206,0,-6.9581990,0,39BC5B06-751B-46AA-869B-6761D716417E,Museum Jamu Nyonya Meneer,SWASTA,Prop. Jawa Tengah,0,B,-,-,0,Khusus
119,Jl. Pangeran Diponegoro No.1,-,110.2145290,-,Kota Magelang,Magelang Tengah,MS000209,0,-7.4736440,0,0B1AE16E-8538-44BC-95CF-5521425248EE,Museum Kamar Pengabdian  Pangeran Diponegoro,PEMKOT,Prop. Jawa Tengah,0,-,-,-,0,Khusus
120,Jl. Gatot Subroto No. 8 ,-,111.3505820,-,Kab. Rembang,Rembang,MS000210,0,-6.7073700,0,B56714C7-A65D-464A-BF01-B3C9FB15491D,Museum Kamar Pengabdian R.A. Kartini,Din Pariwisata dan Seni Budaya ,Prop. Jawa Tengah,0,-,-,-,0,Khusus
121,Komp. Taman Wisata Candi Borobudur,-,110.2069610,-,Kab. Magelang,Borobudur,MS000214,0,-7.6058800,0,D1019C33-9209-475D-810A-CAE544853039,Museum Kapal Samudera Raksa,Taman Wisata Candi Borobudur,Prop. Jawa Tengah,0,B,-,-,2005,-
122,Jl. Andi Mappe  Km 54,-,119.5432710,-,Kab. Wonogiri,Pracimantoro,MS000410,116,-4.8129490,0,FB214981-DEFF-43D0-97AD-739D19A13C2E,Museum Karst Pangkep /Museum Karst dan Budaya,Dinas Kebudayaan dan Pariwisata Kabupaten Pangkep,Prop. Jawa Tengah,0,-,-,-,2005,Khusus
123,Desa Gebangharjo,-,110.7830260,-,Kab. Wonogiri,Pracimantoro,MS000232,0,-8.0415770,0,2FDC2AA8-5389-4C36-854A-2EB231B502EF,Museum Karts Indonesia,"Kementerian ESDM, Badan Geologi",Prop. Jawa Tengah,0,-,-,-,0,-
124,Dalam Keraton Surakarta,-,110.8284560,-,Kota Surakarta,Laweyan,MS000219,0,-7.5787070,0,64FBC40E-5D2E-460B-AEBF-9707EB3C2F5C,Museum Kasunanan/ Museum Suaka Budaya Kasunanan Surakarta,SWASTA,Prop. Jawa Tengah,0,-,-,-,0,Khusus
125,Jl. Stasiun No.1,Lama,110.4045140,-,Kab. Semarang,Ambarawa,MS000191,0,-7.2649940,127500,21AA426D-DBF7-4B76-8C3F-07F98840AFEE,Museum Kereta Api Ambarawa,BUMN,Prop. Jawa Tengah,0,B,-,-,1976,Khusus
126,Jl. Dr. Angka 17,-,109.2322490,-,Kab. Banyumas,Purwokerto Timur,MS000229,0,-7.4163360,0,224F0A23-A6F5-4F09-9AF6-F0F7A0D29A7C,Museum Ki Diso,-,Prop. Jawa Tengah,0,-,-,-,0,-
127,Jl. Getas Pejaten No.155,-,110.8377470,-,Kab. Kudus,Jati,MS000199,0,-6.8266000,0,3CF4DF52-86D2-442B-A3F9-DABE56ACB238,Museum Kretek Kudus,"Pemerintah Kab. Kudus, Dinas Kebudayaan dan Pariwisata UPT. Museum Kretek ",Prop. Jawa Tengah,0,C,-,-,0,Khusus
128,Komp. Taman Wisata Candi Borobudur,-,110.2036600,-,Kab. Magelang,Borobudur,MS000213,0,-7.6051610,0,C83BD912-44ED-4F22-BD9F-FA3ACC850E21,Museum Maha Karmawibhangga,Taman Wisata Candi Borobudur,Prop. Jawa Tengah,0,B,-,-,0,-
129,Kab Blora,-,111.4129960,-,Kab. Blora,Kradenan,MS000237,0,-6.9695300,0,81FF8073-8869-4974-97A6-B907F47759D0,Museum Mahameru Blora,-,Prop. Jawa Tengah,0,-,-,-,0,-
130,"Jl. MGR. Sugiyopranoto  No. 2,  (depan Tugu Muda)",Lama,110.4087230,-,Kota Semarang,Semarang Selatan,MS000189,0,-6.9849410,0,4F64E243-89E0-4C2A-8A9E-A85E98DC2432,Museum Mandala Bhakti ,ABRI,Prop. Jawa Tengah,0,-,-,-,1985,Khusus
131,Jl. Sultan Patah No. 57,-,110.6370830,-,Kab. Demak,Demak,MS000218,0,-6.8948620,0,7653E90F-CDBD-42AA-95B3-C8D12BDDF1B5,Museum Masjid Demak,PEMKOT,Prop. Jawa Tengah,0,-,-,-,0,Khusus
132,Jl. Kartini  3,-,110.2928690,-,Kab. Magelang,Muntilan,MS000224,0,-7.5815190,0,394B5B5A-6009-432E-83F5-F8F8282B2CF3,Museum Misi Muntilan Pusat Animasi Misioner  (MMMPAM),SWASTA,Prop. Jawa Tengah,0,-,-,-,0,Khusus
133,Jl. Abdulrachman Saleh No. 1,-,110.3837830,-,Kota Semarang,Ngaliyan,MS000185,59384,-6.9855080,0,409FC7C4-6FB3-405A-BA36-5FF904411337,Museum Negeri PROVINSI Jawa Tengah “Ronggowarsito”,"DEPDIKBUD (smp. th. 2002), MENBUDPAR (smp th.2005), 1999/2000 dibawah PEMDA",Prop. Jawa Tengah,0,A,-,-,1989,Umum
134,Jl Diponegoro No 74 ,-,110.2191750,-,Kota Magelang,Magelang Tengah,MS000236,2000,-7.4814660,0,A6F91DF7-E88B-4E83-9159-B4ACAA3128C2,Museum OHD (Oei Hong Djien),-,Prop. Jawa Tengah,0,-,-,-,0,-
135,-,-,110.2128140,-,Kota Magelang,Magelang Selatan,MS000234,0,-7.5030120,0,AA868852-95A9-42A1-BB0F-09A57EFBBDB8,Museum Paviliun 5 Akademi Militer,-,Prop. Jawa Tengah,0,-,-,-,0,-
136,-,-,110.8216630,-,Kota Surakarta,Banjarsari,MS000235,0,-7.5591130,0,93A37FD0-FE3B-4C8E-8F8E-47931826CEED,Museum Penyiaran RI,-,Prop. Jawa Tengah,0,-,-,-,0,-
137,-,-,110.4454920,-,Kota Semarang,Gayamsari,MS000233,0,-6.9839090,0,65673E38-ED03-4069-BC1B-B8F9832639A3,Museum Perkembangan Islam Jawa Tengah,-,Prop. Jawa Tengah,0,-,-,-,0,-
138,Brebes,-,109.1326010,-,Kab. Brebes,Paguyangan,MS000217,0,-6.8670440,0,1457DFE6-3A95-46AF-AA1D-3E8EDEA7F560,Museum Pertanian,PEMKOT,Prop. Jawa Tengah,0,-,-,-,0,Khusus
139,Kompleks  Akademi Kepolisian Jl. Sultan Agung,-,110.4301500,-,Kota Semarang,Semarang Selatan,MS000204,0,-7.0117550,0,FF8FF386-FA02-48BA-98A4-FD606E281B4F,Museum POLRI 69,POLRI,Prop. Jawa Tengah,0,B,-,-,0,Khusus
140,Jl. Alun-alun  Utara  No. 1,-,109.3631830,-,Kab. Purbalingga,Purbalingga,MS000223,0,-7.3887010,0,BEA2D171-D217-4C79-836A-EFD4033079B4,Museum Prof. Dr. R. Soegarda Poerbakawatja,-,Prop. Jawa Tengah,0,C,-,-,2003,Khusus
141,Jl. Alun-alun  Utara No.1,-,110.6673020,-,Kab. Jepara,Jepara,MS000186,0,-6.5889620,5210,D5F877FA-8070-4146-8F38-179AB5F50708,Museum R.A. Kartini ,SWASTA,Prop. Jawa Tengah,0,-,-,-,1977,Khusus
142,"Jl. Brigjen Slamet Riyadi 275, Sriwedari",-,110.8143150,-,Kota Surakarta,Laweyan,MS000188,0,-7.5687650,0,2168797F-8528-4F70-9F63-47E42E1BF8E2,Museum Radya Pustaka,PEMKOT ,Prop. Jawa Tengah,0,B,-,-,0,Khusus
143,Jl. Perintis Kemerdekaan No. 275,-,110.4106540,-,Kota Semarang,Gayamsari,MS000211,0,-7.0692380,0,BBF2A031-75FC-47C0-8B66-FDB6406668CC,Museum Rekor Dunia Indonesia (MURI),PEMKOT,Prop. Jawa Tengah,0,-,-,-,0,Khusus
144,"Jl. A. Yani,  Procot",-,109.1388080,-,Kab. Tegal,Slawi,MS000200,0,-6.9673110,0,8AFEF675-98F2-476A-A34F-957D52F28027,Museum Sekolah ,"DEPDIKBUD (smp. th. 2002), MENBUDPAR (smp th.2005), 1999/2000 dibawah PEMDA",Prop. Jawa Tengah,0,-,-,-,0,Khusus
145,"kawasan gunung Slumprit, Patiayam Desa Terban",-,110.9384670,-,Kab. Kudus,Jekulo,MS000198,0,-6.7939590,0,AE67AB9F-93BB-4015-8837-E62154978695,Museum Situs Patiayam,-,Prop. Jawa Tengah,0,-,-,-,0,-
146,Jl. Gentasari,-,109.2117200,-,Kab. Cilacap,Kroya,MS000222,0,-7.6006090,0,DFDEEB39-18DC-497F-A6C7-1CC62B00E0D6,Museum Soesilo Soedarman,YAYASAN/SWASTA,Prop. Jawa Tengah,0,C,-,-,0,Khusus
147,Jl. Ade Irma Suryani C.7,-,110.2196960,-,Kota Magelang,Magelang Utara,MS000194,0,-7.4663010,0,F60936B1-199D-40E6-9054-585E22F45366,Museum Sudirman ,Disporabudpar Kota Magelang,Prop. Jawa Tengah,0,C,-,-,0,Khusus
148,Jl. Jend. Gatot Subroto,-,110.2090390,-,Kota Magelang,Magelang Tengah,MS000202,0,-7.5008410,0,1B7E0D95-3E08-4680-A9B2-36ACF29C6223,Museum Taruna Abdul Djalil,ABRI/Gubernur AKMIL,Prop. Jawa Tengah,0,-,-,-,0,Khusus
149,Jl. Mayjen Sutoyo No.10,Lama,110.0070060,-,Kab. Purworejo,Purworejo,MS000195,125,-7.7141740,0,3D601227-B600-4DC2-B5DE-75058E60F276,Museum Tosan Aji ,ABRI,Prop. Jawa Tengah,0,-,-,-,1987,Khusus
150,Jl. Raya Buper Kutasari,-,109.2940980,-,Kab. Purbalingga,Kutasari,MS000230,0,-7.3197070,0,F22CBFD0-C0D2-489A-97C6-810DB3853FA8,Museum Uang Purbalingga,-,Prop. Jawa Tengah,0,C,-,-,0,-
151,Jl. Raya Buper Kutasari,-,109.2927490,-,Kab. Purbalingga,Kutasari,MS000231,0,-7.3174610,0,E36627C3-17E8-453F-82AF-D9C652A27622,Museum wayang dan artefak,-,Prop. Jawa Tengah,0,C,-,-,0,-
152,-,-,110.2203970,-,Kota Magelang,Magelang Utara,MS000220,0,-7.6131120,0,4730F44E-A6F0-40DC-AF81-8B75621D2BFD,Museum Wayang H. Budiardjo,SWASTA,Prop. Jawa Tengah,0,-,-,-,0,Khusus
153,Jl. Gatot Subroto No.1,-,109.2960010,-,Kab. Banyumas,Banyumas,MS000197,0,-7.5137910,0,4228686B-8366-49E8-9534-24BAD11D1DB0,Museum Wayang Sendang Mas Banyumas,PEMKOT,Prop. Jawa Tengah,0,-,-,-,0,Khusus
154,Jalan Jenggolo No.14,-,110.2192610,-,Kota Magelang,Magelang Tengah,MS000203,2000,-7.4813900,0,9C2A03B5-D428-4851-AD94-08A5BA9B44C9,OHD Museum/ Art Gallery,-,Prop. Jawa Tengah,0,-,-,-,0,-
155,Desa Krikilan,-,110.8338740,-,Kab. Sragen,Kalijambe,MS000215,0,-7.4557270,16675,46F592A8-7CE4-4B9B-81CA-5B8505947E03,Prehistory Museum (Museum Sangiran) ,BPSMP Sangiran,Prop. Jawa Tengah,0,A,-,-,1980,Khusus
156,"Jl. Trikora No. 6, Pendowoharjo",-,110.3621180,-,Kota Yogyakarta,Gondomanan,MS000238,43263,-7.8014460,0,BA60FA16-F91D-4B45-B49F-DEB934F91881,Museum  PROVINSI  D.I. Yogyakarta  ”Sonobudoyo”,"DEPDIKBUD (smp. th. 2002), MENBUDPAR (smp th.2005), 1999/2000 dibawah PEMDA",Prop. D.I. Yogyakarta,0,B,-,-,1935,Umum
157,"Jl, Cik Di Tiro  No. 5",-,110.3741400,-,Kota Yogyakarta,Gondokusuman,MS000259,900,-7.7801410,0,09528BE1-8596-4CB5-800C-E63FD2480AA2,Museum  RS.  Mata  “DR. YAP”,SWASTA,Prop. D.I. Yogyakarta,0,C,-,-,1997,Khusus
158,Jl. Dr. Sutomo No. 13 A ,-,110.3771450,-,Kota Yogyakarta,Danurejan,MS000254,0,-7.7959110,0,0FFE37F9-8D3C-4A34-AAD5-233BFD6B33FD,Museum Batik dan Sulaman Yogyakarta,SWASTA,Prop. D.I. Yogyakarta,0,A,-,-,0,Khusus
159,Jl. Jenderal Ahmad Yani  No. 6,Lama,110.3662210,-,Kota Yogyakarta,Gondomanan,MS000242,0,-7.8005700,0,6EE9D218-1999-4695-A24B-380ED167622D,Museum Benteng Vrederburg Yogyakarta ,"DEPDIKBUD (smp. th. 2002), MENBUDPAR (smp th.2005), 1999/2000 dibawah PEMDA",Prop. D.I. Yogyakarta,0,A,-,-,1992,Khusus
160,Jl. Sultan Agung  No. 22,-,110.3743930,-,Kota Yogyakarta,Mergangsan,MS000241,0,-7.8019690,0,5EDDC0A7-F68B-49BF-BC20-E13B7BB3BA49,Museum Biologi UGM ,"DEPDIKBUD (smp. th. 2002), MENBUDPAR (smp th.2005), 1999/2000 dibawah PEMDA",Prop. D.I. Yogyakarta,0,C,-,-,0,Khusus
161,Jl. Jogja-Solo Km. 16,Baru,110.4934180,-,Kab. Sleman,Prambanan,MS000278,0,-7.7494710,0,FFF2B52F-0C88-4DA8-A2EB-20BF1A70F4C1,Museum Candi Prambanan,Taman Wisata Candi Prambanan,Prop. D.I. Yogyakarta,0,B,-,-,0,Khusus
162,Jl. Trikora No. 6,-,110.3647280,-,Kota Yogyakarta,Gondomanan,MS000239,0,-7.8019660,0,370C408F-4CB1-4D15-88AB-9219BC73E1FA,Museum Condrokiranan,"DEPDIKBUD (smp. th. 2002), MENBUDPAR (smp th.2005), 1999/2000 dibawah PEMDA",Prop. D.I. Yogyakarta,0,-,-,-,0,Khusus
163,Jl. Tamansiswa No. 31,-,110.3780490,-,Kota Yogyakarta,Pakualaman,MS000250,3000,-7.8055080,0,971116C5-2588-4BD3-89D6-E36CFCEB4F11,Museum Dewantara Kirti Griya,SWASTA,Prop. D.I. Yogyakarta,0,B,-,-,1970,Khusus
164,-,-,110.4243690,-,Kab. Sleman,Pakem,MS000277,0,-7.6156440,0,6846CF8A-3E38-4349-A28C-FE5A80067F4C,Museum Erupsi Gunung Merapi,-,Prop. D.I. Yogyakarta,0,-,-,-,0,-
165,KRKB Gembira Loka Jl. Kebun Raya  No. 2,-,110.3941440,-,Kota Yogyakarta,Kotagede,MS000247,0,-7.8081640,0,3C7C2F42-50ED-416C-B61B-27055F1C442B,Museum Gembira Loka,PEMDA,Prop. D.I. Yogyakarta,0,-,-,-,0,Khusus
166,"Kampus II UPN Veteran, Jl. Babarsari 2",-,110.4145810,-,Kab. Sleman,Depok,MS000244,1252,-7.7818050,0,49FFCFFE-C69B-49B5-8682-E2488E49AA51,Museum Geoteknologi Mineral UPN “Veteran”,UPN Veteran ,Prop. D.I. Yogyakarta,0,B,-,-,1988,Khusus
167,Pantai Parangtritis dan Parang Kusumo,-,110.3019980,-,Kab. Bantul,Kretek,MS000272,0,-8.0091340,0,2015790B-0F0A-41AD-BB16-3DB958C9B0E6,Museum Gumuk Pasir,Fakultas Geografi,Prop. D.I. Yogyakarta,0,-,-,-,0,-
168,"Jl. Boyong, Dsn Benteng, Ds Hargobinangun",-,110.4241640,-,Kab. Sleman,Pakem,MS000269,0,-7.6164330,0,FC14EE98-6798-4FB0-B00C-85453656333B,Museum Gunung api Merapi ,-,Prop. D.I. Yogyakarta,0,B,-,-,0,-
169,"Kompleks Keraton Yogyakarta, Jl. Rotowijayan 1",Lama,110.3637430,-,Kota Yogyakarta,Kraton,MS000264,0,-7.8055830,0,B954FE26-6B4F-4DD3-BAF1-81B62FF4C12B,Museum Hamengkubuwono  IX,Pemerintah Provinsi Yogyakarta,Prop. D.I. Yogyakarta,0,C,-,-,1990,Umum
170,"Jl. Maloboro, Kompleks Gedung Agung ",-,110.3662070,-,Kota Yogyakarta,Gondomanan,MS000275,0,-7.7923730,0,444125A5-150C-4A7F-A9DF-BC383A944791,Museum Istana Kepresidenan Yogyakarta,-,Prop. D.I. Yogyakarta,0,-,-,-,0,-
171,Ds. Bunder,-,110.5479510,-,Kab. Gunung Kidul,Playen,MS000258,0,-7.8921140,0,870784CC-3F46-4A8D-A6D9-BC2F573ED4A9,Museum Kayu Wanagama,Fakultas Kehutanan UGM ,Prop. D.I. Yogyakarta,0,-,-,-,0,Khusus
172,"Jl. Rotowijayan  No. 1, / Komp Keraton Ngayogyokarto Hadiningrat",-,110.3641700,-,Kota Yogyakarta,Kraton,MS000249,0,-7.8055390,0,1E071820-A381-427B-94A2-68B8CA10E2DF,Museum Keraton Yogyakarta,SWASTA,Prop. D.I. Yogyakarta,0,B,-,-,0,Khusus
173,Jl. Kestalan Natawijayan,-,110.3625960,-,Kota Yogyakarta,Kraton,MS000265,0,-7.8056750,0,720737AC-DD70-4EBB-8D6E-EFF84E65771B,Museum Kereta Kencana,Pemerintah Provinsi Yogyakarta,Prop. D.I. Yogyakarta,0,C,-,-,0,Khusus
174,Jl. Laksda Adisucipto No. 167,-,110.3962330,-,Kab. Sleman,Sleman,MS000251,300,-7.7829360,0,A397F544-0DD9-4993-8836-1B27B1D02422,Museum Lukis Affandi ,SWASTA,Prop. D.I. Yogyakarta,0,B,-,-,1988,Khusus
175,Kompleks Keraton Yogyakarta,-,110.3643480,-,Kota Yogyakarta,Kraton,MS000266,0,-7.8057900,0,3B61EEC8-C4C8-447D-9221-04FC5307EC18,Museum Lukisan,-,Prop. D.I. Yogyakarta,0,-,-,-,0,-
176,"Kesumuk, Argomulyo",-,110.2802940,-,Kab. Bantul,Sedayu,MS000268,0,-7.7914380,0,F3C63C6B-2F99-4CE7-8319-CD7DFEDE9288,Museum Memorial Jenderal Besar Soeharto,-,Prop. D.I. Yogyakarta,0,-,-,-,0,-
177,"Sasana Wiratama, Tegal Redjo Jl. Hos. Cokro Aminoto TR III  No. 430",-,110.3512540,-,Kota Yogyakarta,Tegalrejo,MS000255,100,-7.7871330,0,EB010E4E-F777-47C4-88B1-DC0C5B35F5DA,Museum Monumen Pangeran Diponegoro,Museum Pemerintah ABRI,Prop. D.I. Yogyakarta,0,C,-,-,0,Khusus
178,Jl. Laksda Adisucipto No. 88,Baru,110.4091010,-,Kota Yogyakarta,Gondokusuman,MS000260,0,-7.7840320,0,E6982297-C1AB-44C3-8029-BA4F013337AA,Museum Monumen Pergerakan Wanita Indonesia (Kowani),Swasta,Prop. D.I. Yogyakarta,0,B,-,-,1983,Khusus
179,"Jl. Jongkang, Kel.Sarihardjo",-,110.3695740,-,Kab. Sleman,Ngaglik,MS000253,0,-7.7497680,0,9FD983B3-3193-4E76-9C61-26650DC62807,Museum Monumen Yogya Kembali ,SWASTA,Prop. D.I. Yogyakarta,0,B,-,-,1989,Khusus
180,Komplek Batalyon 403,-,110.3879110,-,Kab. Sleman,Depok,MS000248,0,-7.7550310,0,D57029B8-8CDF-4439-A60D-91919472ABB6,Museum Pahlawan Pancasila ,ABRI,Prop. D.I. Yogyakarta,0,-,-,-,0,Khusus
181,"Jl. Medika, Sekip",-,110.3757840,-,Kab. Sleman,Depok,MS000270,0,-7.7705390,0,C2985DDD-EE9F-469E-AA78-3A4C6B89B57F,Museum Paleoantropologi,Fakultas Kedokteran UGM,Prop. D.I. Yogyakarta,0,B,-,-,0,-
182,Jl. Sriwedari No. 1. Gedung Taman Budaya lt 2,lama,110.3686040,-,Kota Yogyakarta,Danurejan,MS000281,17000,-7.7963420,0,40716647-DECB-4C09-A1EC-29DEC3E6078C,Museum Pendidikan Anak Kolong Tangga,Yayasan Anak Dunia Damai,Prop. D.I. Yogyakarta,0,B,-,-,2008,Khusus
183,"Kampus Pusat UNY Jl. Colombo No. 1, Karang Malang",-,110.3862770,-,Kab. Sleman,Depok,MS000274,0,-7.7749110,0,FD5BD88E-23F2-442D-9EC6-DA8145F76DB8,Museum Pendidikan Indonesia UNY,-,Prop. D.I. Yogyakarta,0,B,-,-,0,-
184,Jl.  Kolonel  Sugiyono  No. 24 ,-,110.3716370,-,Kota Yogyakarta,Mergangsan,MS000240,0,-7.8166400,0,585C4D9E-57BB-41AF-8CA6-CF24E84CEBCE,Museum Perjuangan Yogyakarta,"DEPDIKBUD (smp. th. 2002), MENBUDPAR (smp th.2005), 1999/2000 dibawah PEMDA",Prop. D.I. Yogyakarta,0,B,-,-,0,Khusus
185,Jl. Bulaksumur No. 1 UGM Yogyakarta,-,110.3773260,-,Kab. Sleman,Depok,MS000271,0,-7.7730540,0,2BCB1F70-D3A9-4139-AA8E-2F4EB23E4198,Museum PETA,Fakultas Geografi,Prop. D.I. Yogyakarta,0,C,-,-,0,-
186,"Kompleks Pura Pakualaman, Jln Sultan Agung",-,110.3761310,-,Kota Yogyakarta,Pakualaman,MS000243,0,-7.8007270,0,4572BBA4-0230-4D81-89DC-6B3BA2976DC5,Museum Puro Pakualaman,SWASTA,Prop. D.I. Yogyakarta,0,-,-,-,0,Khusus
187,Jl. Jenderal Sudirman No.75,-,110.3752980,-,Kota Yogyakarta,Gondokusuman,MS000246,4236,-7.7830060,0,57FB2184-4A6E-488A-9DC8-2C055CCED1F0,Museum Pusat TNI-AD Dharma Wiratama,Dinas Sejarah Angkatan Darat,Prop. D.I. Yogyakarta,0,A,-,-,0,Khusus
188,Gedung Museum Sandi Jl. Faridan Muridan Noto No. 21,Baru,110.3708370,-,Kota Yogyakarta,Gondokusuman,MS000263,0,-7.7850070,0,7437196D-8435-4481-B04A-EAAF3BAEF649,Museum Sandi,Lembaga Sandi Negara ,Prop. D.I. Yogyakarta,0,B,-,-,2008,Khusus
189,Jl. Bintaran Wetan No. 3,Lama,110.3753560,-,Kota Yogyakarta,Mergangsan,MS000261,599,-7.8026770,0,34C8F7FB-DCE0-4FA6-BE24-5BEB3ED9CD5B,Museum Sasmita Loka Panglima Besar Sudirman,ABRI,Prop. D.I. Yogyakarta,0,B,-,-,1982,Khusus
190,"Jl.Raya Pleret, Kedaton, Pleret",Baru,110.4052580,-,Kab. Bantul,Pleret,MS000279,0,-7.8682850,0,71A7A010-507D-43EA-A442-6DF660A72D9F,Museum Sejarah Purbakala Pleret,Dinas Kebudayaan Provinsi Yogyakarta,Prop. D.I. Yogyakarta,0,C,-,-,2004,Khusus
191,-,-,110.4526770,-,Kab. Sleman,Cangkringan,MS000276,0,-7.6034220,0,6D72D081-5FA2-47B8-9D6B-6C82CD2786FC,Museum Sisa Hartaku (Sleman),-,Prop. D.I. Yogyakarta,0,-,-,-,0,-
192,Kristya Bintara Dsn Candran Kebon Agung,-,110.3714170,-,Kab. Bantul,Bantul,MS000273,0,-7.9244920,0,62EA2E67-1705-4848-ACDB-1FE02696F3E9,Museum Tani Jawa Indonesia,-,Prop. D.I. Yogyakarta,0,B,-,-,0,-
193,"Jl. Parangtritis  Km. 8,4  Tembi",-,110.3561730,-,Kab. Bantul,Sewon,MS000257,0,-7.8701360,0,693AD108-E9FA-4075-8042-3E517A8EF77F,Museum Tembi Rumah Budaya    ,SWASTA,Prop. D.I. Yogyakarta,0,B,-,-,0,Khusus
194,Yogyakarta,-,110.3448890,-,Kab. Bantul,Kasihan,MS000280,0,-7.7990460,0,B9E07D4B-87A3-4448-8C74-4DA3C06D10BD,Museum Tino Sidin,-,Prop. D.I. Yogyakarta,0,-,-,-,0,-
195,"Jl. Pangkalan Adi Sucipto, Komp. Lanud Adisucipto",-,110.4156790,-,Kab. Sleman,Depok,MS000245,10000,-7.7899340,0,7AABF9CB-181D-4A38-945B-55EEF099527F,Museum TNI-AU Dirgantara Mandala,ABRI,Prop. D.I. Yogyakarta,0,-,-,-,0,Khusus
196,Kawasan Wisata Kaliurang,-,110.4237850,-,Kab. Sleman,Sleman,MS000256,0,-7.5983790,0,3087754E-7D32-4CBB-904B-9D3E98C3CC4D,Museum Ullen Sentalu,SWASTA ,Prop. D.I. Yogyakarta,0,A,-,-,1997,-
197,Kampus UGM Bulak Sumur Blok D-6 dan D-7,-,110.3778650,-,Kab. Sleman,Depok,MS000267,0,-7.7742410,0,A8497B58-43D9-492C-A665-9184399444E6,Museum Universitas Gadjah Mada,UGM,Prop. D.I. Yogyakarta,0,C,-,-,0,-
198,Jl. Jogya - Wonosari  Km. 7  No. 277,-,110.3765980,-,Kab. Bantul,Banguntapan,MS000252,5464,-7.7853510,0,1874EDF4-3B8A-416F-92E7-B0405B8BBAD0,Museum Wayang Kekayon,SWASTA,Prop. D.I. Yogyakarta,0,C,-,-,1991,Khusus
199,RE  Martadinata  No. 69,-,110.8338740,-,Kota Yogyakarta,Wirobrajan,MS000262,0,-7.4557270,0,9CF41F13-04A0-4D2A-A5FC-C460D51748DE,prehistory Museum (Museum Sangiran) ,Swasta,Prop. D.I. Yogyakarta,0,C,-,-,0,Khusus
200,Jl. Pemuda No. 39,-,112.7502930,-,Kota Surabaya,Genteng,MS000292,0,-7.2654780,0,7D0E6D87-2D6F-43EC-965C-EF2647F51903,Monumen Kapal Selam,-,Prop. Jawa Timur,0,B,-,-,0,-
201,Jl. Pahlawan Surabaya,-,112.7379590,-,Kota Surabaya,Krembangan,MS000294,0,-7.2455140,0,EEBCF7A5-DE93-4189-A40E-0CFBFD0F72CD,Museum  Sepuluh  Nopember (UPTD Tugu Pahlawan Surabaya),PEMKOT,Prop. Jawa Timur,0,B,-,-,2000,Khusus
202,"Jl. Soekarno-Hatta, No 210, Kompleks perumahan Gryashanta, Kel. Mojolangu",Lama,112.6208230,-,Kota Malang,Lowokwaru,MS000300,0,-7.9402990,0,90201B0E-6A34-48F5-A5AD-1806281A5FBD,Museum “Mpu Purwa“,DISPARINKOM Pemkot Malang,Prop. Jawa Timur,0,C,-,-,2004,Khusus
203,Jl. Dr. Wahidin No. 26,-,109.7235450,-,Kab. Lamongan,Paciran,MS000228,0,-6.9160810,0,26D56686-70F4-437C-B332-F01A156949A9,Museum Abirowo,-,Prop. Jawa Timur,0,-,-,-,0,-
204,"Jl. Mastrip  No. 1, Dukuh Goro, Desa Pojok, Mojoroto",-,111.9738690,-,Kota Kediri,Mojoroto,MS000284,0,-7.8075430,0,242898D3-B64E-49F0-AA1B-87E032D6E598,Museum Airlangga,PEMKAB,Prop. Jawa Timur,0,-,-,-,1992,Umum
205,Kota Batu,-,112.5249710,-,Kota Batu,Batu,MS000321,0,-7.8834600,0,B9389363-EDAB-4BF8-8253-B7E77C4CF833,Museum Anatomi Tubuh (Kawasan Jawa Timur),-,Prop. Jawa Timur,0,-,-,-,0,-
206,Jl. Terusan Sultan Agung Atas No. 2 Kota Wisata Batu,baru,112.5190170,-,Kota Batu,Batu,MS000308,0,-7.8785950,0,76C1F934-1706-46FB-BBDB-607FD6DD06B5,Museum Angkut,Swasta,Prop. Jawa Timur,0,A,-,-,2014,Khusus
207,Jl. Gatot Subroto,-,111.8938940,-,Kab. Nganjuk,Nganjuk,MS000298,0,-7.5932110,0,FFDBDAE5-DF7B-44F3-A283-77153ACDBEC3,Museum Anjuk Ladang,PEMKAB,Prop. Jawa Timur,0,-,-,-,0,Khusus
208,Jl. Pramuka No. 1,-,111.8938320,-,Kab. Nganjuk,Nganjuk,MS000291,0,-7.5930120,0,CCDA2CF7-64F6-4BBF-A5F1-F1C20429CED9,Museum Arca,PEMDA,Prop. Jawa Timur,0,-,-,-,0,Khusus
209,Markas komando (Mako) Kopaska Koarmatim,-,112.5247500,-,Kab. Sidoarjo,Candi,MS000312,0,-7.8722620,0,52809F4D-19E6-45A9-B716-5D691392F3D1,Museum Armada (Fleet House),"TNI AL, Rabu (29/10/2014)",Prop. Jawa Timur,0,-,-,-,0,-
210,Jl. Ki Mangunsarkoro,-,111.8957190,-,Kab. Tulungagung,Boyolangu,MS000285,0,-8.1020380,0,B38CC345-1649-460C-88EF-6CA6D096697D,Museum Balai Penyelamat Tulung Agung,PEMKAB,Prop. Jawa Timur,0,-,-,-,0,Umum
211,Jl.  Wiryo S Pranoto Kel. Sukoharjo,-,112.6320510,-,Kota Malang,Klojen,MS000310,0,-7.9867860,0,C116B25B-E0C8-418A-AA85-379830301380,Museum Bentoel,Swasta,Prop. Jawa Timur,0,C,-,-,0,Khusus
212,Jl. A. Yani  No. 78,-,114.3680930,-,Kab. Banyuwangi,Banyuwangi,MS000303,500,-8.2211340,0,86CD5491-350C-479E-9902-9840BB4A2AF9,Museum Blambangan ,PEMKAB,Prop. Jawa Timur,0,-,-,-,1977,Umum
213,Jl. Ijen  No. 25 A,-,112.6211120,-,Kota Malang,Klojen,MS000288,0,-7.9721010,0,DE9924FE-F4A4-45F9-A156-B69B5D59AF0D,Museum Brawijaya Malang ,ABRI,Prop. Jawa Timur,0,B,-,-,1968,Khusus
214,"Jalan Soekarno Hatta No.39 A, Bangkalan 6911",-,112.7354470,-,Kab. Bangkalan,Bangkalan,MS000305,0,-7.0482880,0,7C7CF00F-2A14-4AE7-AE8C-6D5531EDF121,Museum Cakraningrat,Swasta,Prop. Jawa Timur,0,B,-,-,2008,Khusus
215,"kawasan Museum Angkut, yakni di Jl. Terusan Sultan Agung No. 2",-,112.5191780,-,Kota Batu,Batu,MS000323,0,-7.8786760,0,112C6281-A1BF-427A-BE7B-744FF3F40D0F,Museum d’Topeng,Swasta,Prop. Jawa Timur,0,A,-,-,0,Khusus
216,"Jl. Kartini No. 3, Kompleks Pendopo Krida Manunggal",-,112.0642470,-,Kab. Tuban,Tuban,MS000283,0,-6.8960610,0,625ACFCD-162E-4F38-B806-FAA973322D22,Museum Daerah Kambang Putih,Dinas Pendidikan Pemuda dan Olahraga Kabupaten Tuban,Prop. Jawa Timur,0,-,-,-,0,Umum
217,Jl. Raya 44 Maospati,-,111.4330690,-,Kab. Magetan,Maospati,MS000306,0,-7.6116070,0,2D7EDB02-2711-41E4-958C-B4120DA21480,Museum Dapoer Roekijah Djawa,-,Prop. Jawa Timur,0,-,-,-,0,-
218,-,-,110.4156470,-,Kab. Malang,Pakis,MS000314,0,-7.7899340,0,E48F26C1-38F8-4E87-8EC2-C5BA0A10B099,Museum Dirgantara A. Sulaksono,-,Prop. Jawa Timur,0,-,-,-,0,-
219,rumah pribadi Suciwati Munir di Kota Batu,-,112.5283810,-,Kota Batu,Batu,MS000313,0,-7.8458220,0,5D3453F7-A4EF-422C-9C12-719AB7EC475C,Museum HAM Omah Munir,Swasta,Prop. Jawa Timur,0,-,-,-,0,Khusus
220,"Taman Sampoerna  6,  RT. 008  RW. 002",-,112.7343070,-,Kota Surabaya,Pabean Cantian,MS000301,0,-7.2306160,0,04A4DA43-8739-4F20-B524-F8ADE870B451,Museum House Of Sampoerna,SWASTA,Prop. Jawa Timur,0,A,-,-,0,Khusus
221,Jalan Sultan Agung No. 69,-,112.1763070,-,Kota Blitar,Sananwetan,MS000320,0,-8.0981130,0,D26ED476-0C77-4F80-BADA-DAC80A84CB67,Museum Istana Gabang ,Swasta,Prop. Jawa Timur,0,-,-,-,0,Khusus
222,Jl. Dr. Sutomo No. 6,Lama,113.8624900,-,Kab. Sumenep,Kota Sumenep,MS000286,0,-7.0089610,0,6729B72E-435D-4D19-BE4E-020857160F37,Museum Keraton Sumenep,PEMDA,Prop. Jawa Timur,0,B,Hak Pakai/sewa,-,1965,Umum
223,Jl. Dr. Moestopo,-,112.7578380,-,Kota Surabaya,Tambaksari,MS000316,0,-7.2719110,0,6547C45B-7129-4F37-AAFD-052E83B77CEA,Museum Kesehatan (Pendidikan Dokter) FK. Universitas Airlangga ,Universitas Airlangga,Prop. Jawa Timur,0,-,-,-,2013,-
224,Jl. Indrapura  17,-,112.7313830,-,Kota Surabaya,Krembangan,MS000295,0,-7.2403570,0,E4669003-C790-4A2F-85C2-FF51B5D49E18,Museum Kesehatan dr. Adhyatma MPH,Kementerian Kesehatan,Prop. Jawa Timur,0,B,-,-,2004,Khusus
225,Jl. Ahmad Yani,-,112.7161160,-,Kab. Malang,Lawang,MS000324,0,-7.8252100,0,D56DE04D-5CF9-483C-9B25-71F096F77EAB,Museum Kesehatan Jiwa Lawang,Kementerian Kesehatan,Prop. Jawa Timur,0,C,-,-,2009,Khusus
226,"Dsn Krajan Kulon, Ds Mantren",-,111.0092660,-,Kab. Pacitan,Punung,MS000297,0,-8.1118480,0,BE65C100-24CD-4F70-AC16-7533E87DDFA9,Museum Ki Ageng Bonokeling,PEMKAB,Prop. Jawa Timur,0,-,-,-,0,Khusus
227,Jalan Gajah Mada 2 ,-,112.6349160,-,Kota Malang,Klojen,MS000309,0,-7.9789350,0,1E040D9A-AC48-4128-BB61-CD6B8E1002D9,Museum Malang Tempoe Doeloe,Swasta,Prop. Jawa Timur,0,A,-,-,0,Khusus
228,Jl. Cokroaminoto No. 1,-,113.4820410,-,Kab. Pamekasan,Pamekasan,MS000307,0,-7.1551450,0,BD7B9A00-E302-46FC-A0CE-097692BF8A88,Museum Mandilaras Pamekasan  ,Pemkab. Pamekasan  ,Prop. Jawa Timur,0,B,-,-,2010,Umum
229,Jl. Gayungsari Timur No. 35,baru,112.7238090,-,Kota Surabaya,Gayungan,MS000317,0,-7.3382260,0,4903560B-BD2A-404F-B654-4D3E64DEA5A6,Museum Nahdatul Ulama,-,Prop. Jawa Timur,0,-,-,-,2004,-
230,"Jl. Raya Buduran - Jembatan  Layang, Sidoardjo",-,112.7202620,-,Kab. Sidoarjo,Sidoarjo,MS000282,15000,-7.4335270,0,0847FB33-640D-4A59-9DD3-A07AD6E6D319,Museum Negeri PROVINSI Jawa Timur “Mpu Tantular“,"DEPDIKBUD (smp. th. 2002), MENBUDPAR (smp th.2005), 1999/2000 dibawah PEMDA",Prop. Jawa Timur,0,A,-,-,1974,Umum
231,Jalan Raya Nglegok,-,112.2172250,-,Kab. Blitar,Nglegok,MS000319,0,-8.0370420,0,55846523-3B9E-4804-9258-2C78329D836E,Museum P4,"diresmikan Bupati Blitar Siswanto Adi, 11 Juli 1990",Prop. Jawa Timur,0,-,-,-,0,-
232,Jalan Penataran No 1,-,112.1434150,-,Kab. Blitar,Nglegok,MS000299,0,-7.9814410,0,2A509237-A909-4C6D-9F0A-E4B6B908392F,Museum Penataran,PEMKAB,Prop. Jawa Timur,0,-,-,-,1997,Khusus
233,Jl. Suroyo No. 17 Kota Probolinggo,Baru,113.2157550,-,Kota Probolinggo,Kanigaran,MS000315,365,-7.7510890,0,2D2B2538-84A7-4007-9E59-05C594B75540,Museum Probolinggo,Pemda,Prop. Jawa Timur,0,-,-,-,2011,-
234,Dusun Unggahan,-,112.3807700,-,Kab. Mojokerto,Trowulan,MS000287,0,-7.5600810,0,8D00F9AF-26B4-49C8-972D-72DA7D40A749,Museum Pusat Informasi Majapahit,BP 3 PUSAT,Prop. Jawa Timur,0,B,-,-,2007,Khusus
235,Jl. Patimura  11,-,111.8724850,-,Kab. Bojonegoro,Ngraho,MS000296,0,-7.1622330,0,DAADF655-AC07-4CCC-9C72-175F6F0F550A,Museum Rajek Wesi  (Pagor),PEMKAB,Prop. Jawa Timur,0,-,-,-,0,Khusus
236,Jl. Mangga No. 21,lama,112.7537690,-,Kota Surabaya,Tambaksari,MS000318,0,-7.2506430,0,876ACBA4-1562-47BB-B952-0D5314AA215D,Museum Rumah Wafat WR. Supratman,Pemda,Prop. Jawa Timur,0,-,-,-,0,-
237,Jl. Raya Oro-oro Ombo No. 9 Kota Wisata Batu,-,112.5298950,-,Kota Batu,Batu,MS000311,0,-7.8886300,0,7009F239-F942-4372-B6A1-A3E8BFDE9704,Museum Satwa Jawa Timur Park 2,Swasta,Prop. Jawa Timur,0,A,-,-,0,Khusus
238,Pabrik Semen Gresik Jl Veteran,-,112.6491410,-,Kab. Gresik,Kebomas,MS000322,0,-7.1756520,0,D056CBB5-A1CB-4D4F-BD03-27082E2B3CDD,Museum Semen Indonesia,Swasta,Prop. Jawa Timur,0,-,-,-,0,Khusus
239,Desa Drajat,-,112.4156270,-,Kab. Lamongan,Paciran,MS000289,0,-7.1224030,0,AB79FA86-B95C-4A56-9D83-A2AC993B6E2D,Museum Sunan Drajat,PEMKAB,Prop. Jawa Timur,0,-,-,-,0,Khusus
240,Jl. Pahlawan  No. 24-26,-,112.6546700,-,Kab. Gresik,Gresik,MS000302,0,-7.1602120,0,9913ABF3-E572-47FA-89F5-2AFD77794D27,Museum Sunan Giri,Pemkab,Prop. Jawa Timur,0,-,-,-,0,Khusus
241,Komp. Akademi AL,-,112.7189760,-,Kota Surabaya,Krembangan,MS000293,0,-7.2272280,0,376E67FF-9004-45C8-A6E1-F1CF2C9FEA4D,Museum TNI-AL “Loka Jala Crana”,ABRI,Prop. Jawa Timur,0,B,-,-,0,Khusus
242,Ds.  Kawu,-,111.3577600,-,Kab. Ngawi,Kedunggalar,MS000290,0,-7.3743520,0,AB2DD6B6-B4A1-4813-BD68-AAD43F9D350C,Museum Trinil,PEMKAB,Prop. Jawa Timur,0,-,-,-,0,Khusus
243,Jl. Raya Karangwidoro No. 7,-,112.5966830,-,Kota Malang,Sukun,MS000325,0,-7.9592820,0,376774CE-C4FC-4745-BD45-04E69DA885DB,Museum Zoologi Frater Vianney,Swasta,Prop. Jawa Timur,0,C,-,-,0,Khusus
244,"Sobo, Pakis Baru",-,111.1725450,-,Kab. Pacitan,Nawangan,MS000304,0,-7.9731450,0,6AD60220-DA97-4C7D-8F51-C1D091B71F9E,Rumah  Bersejarah  Markas  Gerilya Panglima Besar Jenderal Sudirman (Persiapan Museum) ,ABRI,Prop. Jawa Timur,0,-,-,-,0,Khusus
245,Jl. Jenderal Sudirman No. 20,Lama,95.3038470,-,Kab. Aceh Utara,Matangkuli,MS000132,,5.5293350,3000,5F83D6F4-6193-43C4-A421-E6E6FD3C3AF5,Museum Ali Hasyimy (RUMOH CUT MEUTIA),Yayasan Pendidikan Ali Hasyimy,Aceh,,B,Yayasan,YAYASAN PENDIDIKAN ALI HASYIMY,1991,Khusus
246,Jl. Buntul-buntul,Baru,96.8482850,-,Kab. Aceh Tengah,Bebesen,MS000074,,4.6195880,,A482A351-18ED-4E2D-AE8D-8850BBB40DCB,Museum Gayo Gajah Putih ,PEMERINTAH DAERAH,Aceh,,-,,PEMERINTAH DAERAH,2005,Umum
247,Jl. Sultan Muhammadsyah B Aceh,,95.3206880,-,Kab. Aceh Besar,Lhoknga,MS000033,,5.5470620,,BB402E88-30C0-4024-8157-41A48FF557D3,Museum Juang ’45,Rindam Iskandar Muda,Aceh,,-,,,,
248,Jl. Mayjen Tengku Islamiah,,97.1794800,-,Kab. Aceh Utara,Samudera,MS000114,1620,5.1164500,,FA39FD62-EBB1-4252-8DE6-CBFD7798B8E8,Museum Malikussaleh,Yayasan,Aceh,,-,,YAYASAN MALUSSALEH,,
249,Jl. Teuku Cik Ditiro,,95.9546850,-,Kab. Pidie,Kota Sigli,MS000107,,5.3797390,,5A553F22-D139-4F8D-A2A4-C356DE2B9C6E,Museum Nangguor Pidie,,Aceh,,-,,,,
250,Jl. Sultan Alaidin Mahmudsyah No.12,Baru,95.3208750,-,Kota Banda Aceh,Baiturrahman,MS000108,5328,5.5489350,,BE5760B0-59C3-4A7F-98CE-C567695D3A36,Museum Negeri PROVINSI Nanggroe Aceh Darussalam,PEMERINTAH DAERAH,Aceh,,B,,PEMERINTAH DAERAH,1980,Umum
251,"Jl. Kelurahan Penniti, Baiturahim district",,95.3196270,Penniti,Kota Banda Aceh,Baiturrahman,MS000144,,5.5459450,,99F16C79-1BEA-4344-B9D6-FA37BE614F19,Museum Perjuangan Sultan Iskandar Muda ,,Aceh,,-,,,,
252,"Jl. Raya Babussalam, Kutacane",,97.8074950,-,Kab. Aceh Tenggara,Babussalam,MS000024,,3.4918880,,2B405052-503E-4DA3-B669-3720803354A8,Museum Sepakat Segenap,,Aceh,,-,,,,
253,Jl. Sultan Iskandar Muda no. 3,Baru,95.3152260,-,Kota Banda Aceh,Baiturrahman,MS000020,,5.5477190,9900,B4174D69-4CDD-4823-875A-3141ADFAC78D,Museum Tsunami,Dinas Kebudayaan dan Pariwisata Provinsi,Aceh,,B,Pemerintah Provinsi,PEMERINTAH DAERAH,2011,Khusus
254,Jl. M. Zainul Arifin No.8,Lama,98.6699620,-,Kota Medan,Medan Petisah,MS000133,,3.5825340,,12222853-763C-40CD-8179-E7111D83BFF5,"Museum  Perjuangan TNI  Kodam I,  Bukit Barisan ",TNI,Sumatera Utara,,B,,TNI,1996,Khusus
255,Jl.  Jend. Sudirman  No. 20,Baru,99.0612070,-,Kota Pematang Siantar,Siantar Barat,MS000005,972,2.9545940,,799D2B55-AF8E-4E25-A55B-0C74B6AF03E7,Museum  Simalungun,Yayasan Museum Simalungun,Sumatera Utara,,B,,YAYASAN MUSEUM SIMALUNGUN,1940,Umum
256,"Jl. Pintu Bosi, Laguboti",,98.9943780,-,Kab. Toba Samosir,Lagu Boti,MS000073,,2.2389580,,476A6162-E654-4169-BAA6-884FFCB4307D,Museum Balai Budaya Batak Arjuna,SWASTA,Sumatera Utara,,-,,SWASTA,,Umum
257,"Jl. Amir Hamzah  No. 1, Tanjung Pura ",Lama,98.4305660,-,Kab. Langkat,Tanjung Pura,MS000041,,3.7302260,1500,96FDD2B3-A9A5-43C0-8BC3-4F950C1CD689,Museum Daerah Kabupaten Langkat ,PEMERINTAH KABUPATEN,Sumatera Utara,,-,,PEMERINTAH DAERAH,2003,Umum
258,Jl. Jamin Ginting Km. 45,Baru,98.5658810,-,Kab. Deli Serdang,Sibolangit,MS000137,143,3.2906720,,99AB93DA-F4E0-4E87-8358-EBCF853AEE00,Museum Gereja Batak Karo Protestan (GBKP),Swasta,Sumatera Utara,,B,,SWASTA,2007,Khusus
259,Desa Simanindo,Lama,98.7444960,-,Kab. Samosir,Simanindo,MS000015,,2.7522330,,232A8D74-980B-4FA4-B16D-226FD06BF475,Museum Huta Bolon Simanindo ,SWASTA,Sumatera Utara,,-,,SWASTA,1969,Khusus
260,Jl. Pemuda No. 17,Lama,98.6822950,-,Kota Medan,Medan Baru,MS000026,,3.5818830,,1624A1DC-A550-43EA-94D1-376E08444D02,Museum Juang 45 Sumatera Utara  ,,Sumatera Utara,,-,,,,
261,Kompleks Perkantoran Pemda Deli Serdang,Baru,98.8681680,-,Kab. Deli Serdang,Lubuk Pakam,MS000010,,3.5491930,,839F4526-32CF-4E08-8AB2-195DAAAF1D20,Museum Kabupaten Deli Serdang,PEMERINTAH KABUPATEN,Sumatera Utara,,-,,PEMERINTAH DAERAH,2003,Umum
262,Jl. Kotacane No. 180 Kabanjahe,Baru,98.4752740,-,Kab. Asahan,Simpang Empat,MS000004,206,3.1179310,,9F427C21-BCAE-4D74-9493-07420E3587D0,Museum Karo Lingga,Yayasan Museum Karo Lingga,Sumatera Utara,,-,,YAYASAN MUSEUM KARO LINGGA,1989,Khusus
263,"Jl. H.M. Joni No.51, Pasar merah",Baru,98.6963290,-,Kota Medan,Medan Kota,MS000135,7036,3.5681560,10458,6FFAD6E4-A31F-456B-BAEB-E948C3934AED,Museum Negeri PROVINSI Sumatera Utara,PEMERINTAH DAERAH,Sumatera Utara,,A,,PEMERINTAH DAERAH,1982,Umum
264,Desa Lima Laras,Lama,99.6035140,Lima Laras,Kab. Batubara,Tanjung Tiram,MS000117,,3.2026710,,EDA852C2-D1AA-41DD-B936-CF0AA231AD88,Museum Niat Lima Laras,PEMERINTAH KABUPATEN,Sumatera Utara,,-,,PEMERINTAH DAERAH,,Umum
265,Jl. Yos Sudarso  No. 134-A,Baru,97.6093070,-,Kota Gunung Sitoli,Gunung Sitoli,MS000097,5323,1.2943590,,E4DBFCB6-4FE7-4956-A042-AFEB974F72E7,Museum Pusaka Nias,Yayasan Pusaka Nias ,Sumatera Utara,,-,,Yayasan Pusaka Nias ,1992,Umum
266,Ganda Sumurung Pegagan Hilir III,,98.3661020,-,Kab. Dairi,Sumbul,MS000018,,2.8414840,,C22A03A4-C3CA-44FA-89FE-295B579E44F0,Museum Sumbul ,Dinas Kebudayaan dan Pariwisata Kab/Kota,Sumatera Utara,,-,,,,
267,Jl. DR.TB Silalahi,Baru,99.0485000,Pagar Baru,Kab. Toba Samosir,Balige,MS000021,,2.3337150,400,B715C8E7-3B31-43EA-B95D-33626DCC2F97,Museum TB.  Silalahi  Center,Yayasan T.B Silalahi,Sumatera Utara,,A,,YAYASAN T.B SILALAHI,2006,Umum
268,Jl. Balai Kota Tebing Tinggi,Baru,99.1658040,-,Kota Tebing Tinggi,Tebing Tinggi Kota,MS000146,,3.3275050,,0B8309FF-CEA4-4879-90EF-FC555471C1B7,Museum Tebing Tinggi,Dinas Kebudayaan dan Pariwisata Kab/Kota,Sumatera Utara,,-,,PEMERINTAH DAERAH,2014,Umum
269,Jl. Kapten Sitorus No. 10,,99.0592880,-,Kota Pematang Siantar,Siantar Barat,MS000068,,2.9524370,,95088F2F-4515-47BD-BE0E-813DB0B967D6,Museum Zoologi (Taman Hewan Pematang Siantar),Swasta,Sumatera Utara,,-,,,,
270,Jl.  Pematang Purba,Lama,98.7338470,-,Kab. Simalungun,Purba,MS000086,8,2.8731860,50000,B3FA9AA7-417B-49DB-BCFB-99CBF46670DC,Open Air Museum Rumah Bolon Purba ,Yayasan Museum Simalungun,Sumatera Utara,,B,,YAYASAN MUSEUM SIMALUNGUN,1966,Umum
271,Jl. Letjen S.Parman No. 309,Baru,98.6675490,-,Kota Medan,Medan Barat,MS000028,2000,3.5791820,2970,DE51A585-C474-4DB2-9015-3C83EA4A91AB,Rahmat International Wildlife Museum & Gallery ,SWASTA,Sumatera Utara,,A,,SWASTA,1999,Khusus
272,"Jl. Muhammad Yazid,Tangsi Bau",Lama,100.7604070,-,Kota Sawah Lunto,Lembah Segar,MS000084,,-.6975500,,23BFE6A2-44B2-4472-A9F5-95CD4C12A733,Lubang Tambang Mbah Soero dan Info Box Galeri Tambang Batubara,PEMERINTAH KOTA,Sumatera Barat,,B,,PEMERINTAH DAERAH,2008,Khusus
273,Jl. Samudra No.8,Lama,100.3518220,-,Kota Padang,Padang Barat,MS000096,,-.9444040,4790,D9AD22F7-250F-4CF9-8CA1-A809AB081107,Museum dan Perpustakaan Gedung Joang 45,SWASTA,Sumatera Barat,,B,,SWASTA,1987,Khusus
274,"Gedung LKAAM lantai 2, Jl. Diponegoro No. 4",Baru,100.3554170,-,Kota Padang,Padang Barat,MS000070,,-.9556140,,53C94D5D-6DDD-4FE8-B6AD-8752B15FC2FD,Museum Gempa 30 September,PEMERINTAH KOTA,Sumatera Barat,,-,,PEMERINTAH DAERAH,2012,Khusus
275,Jl. Abdul Rahman Hakim,Lama,100.7807940,Air Dingin,Kota Sawah Lunto,Lembah Segar,MS000069,,-.6790200,2300,712EECCB-2C95-451A-A8F4-82C6F09C2C43,Museum Goedang Ransoem ,PEMERINTAH KOTA,Sumatera Barat,,B,,PEMERINTAH DAERAH,2005,Umum
276,Nagari Pagaruyung,Lama,100.6212660,-,Kab. Tanah Datar,Tanjung Mas,MS000118,,-.4713910,,DD679B40-A34B-4D68-899C-CFF1433A8D61,Museum Istana Pagaruyung,Dinas Kebudayaan dan Pariwisata Kab/Kota,Sumatera Barat,,-,,PEMERINTAH DAERAH,,Umum
277,"Nagari Sungai Batang, Maninjau",Lama,100.2219410,-,Kab. Agam,Tanjung Raya,MS000091,,-.3328850,150,69E96758-96EC-46C2-AEE6-9C99242523F6,Museum Kelahiran Buya Hamka,swasta,Sumatera Barat,,-,,SWASTA,2001,Khusus
278,"Jl. Kampung Teleng, Pasar, Lembah Segar, Sawahlunto",Lama,100.7770240,-,Kota Sawah Lunto,Lembah Segar,MS000046,106,-.6829520,,5A9A3F4B-31F3-4659-B8DA-5829E119B473,Museum Kereta Api Sawah Lunto,PEMERINTAH KOTA,Sumatera Barat,,B,,PEMERINTAH DAERAH,2005,Khusus
279,"Komplek Benteng Vander Capellen, Batu Sangkar",,100.5828890,-,Kab. Pasaman Barat,Luhak Nan Duo,MS000062,,-.4614990,,6656879C-1B14-43CD-9FD3-7CF1746C6860,Museum Luhak Nan Tuo,Dinas Kebudayaan dan Pariwisata Kab/Kota,Sumatera Barat,,-,,PEMERINTAH DAERAH,,Khusus
280,"Kp. Lubuk Sitepung, Nagari Lunang",Lama,101.1369350,-,Kab. Pesisir Selatan,Lunang,MS000102,213,-2.2691570,20000,69D1BD2A-2A9F-43E0-8E28-B3D1604E2AFD,Museum Mande Rubiah,PEMERINTAH KABUPATEN,Sumatera Barat,,-,,PEMERINTAH DAERAH,1980,Khusus
281,"Jl. Diponegoro No.10  (Lapangan Tugu), Belakang Tangsi",Baru,100.3558260,-,Kota Padang,Padang Barat,MS000088,6036,-.9552320,2500,5B96A24A-1D5B-4705-8691-9AD583930E1D,Museum Nagari PROVINSI  Sumatera Barat Adityawarman,PEMERINTAH PROVINSI,Sumatera Barat,,A,,PEMERINTAH DAERAH,1977,Umum
282,"Jl. Panorama No.22, Kayu Kubu, Guguh Panjang",Baru,100.3685020,-,Kota Bukittinggi,Guguk Panjang,MS000027,,-.3075330,,EEF8CA11-9087-47A0-8E92-37840CF619C0,Museum Perjuangan Tridaya Eka Dharma,TNI,Sumatera Barat,,C,,TNI,1973,Khusus
283,"Jl. Cindur Mato No. 1, Pasar Atas, Kompleks Kebun Binatang",Baru,100.3695490,-,Kota Bukittinggi,Guguk Panjang,MS000045,,-.3007150,2798,C107C183-5C2B-4A6C-BFF1-57F04CBC0F34,Museum Rumah Adat Baanjuang,PEMERINTAH KOTA,Sumatera Barat,,C,,PEMERINTAH DAERAH,2005,Khusus
284,"Jl. Soekarno - Hatta  No.37,  Aur Tanjungkang Tengah Sawah",Lama,100.3730910,-,Kota Bukittinggi,Guguk Panjang,MS000037,,-.3007850,1000,9A12B758-DFE9-4D9C-9324-45F39EFA5BA2,Museum Rumah Kelahiran Bung Hatta,PEMERINTAH KOTA,Sumatera Barat,,C,,PEMERINTAH DAERAH,1994,Umum
285,"Jl. M. Yamin, Pasar Remaja Sawahlunto",Lama,100.7774950,-,Kota Sawah Lunto,Lembah Segar,MS000115,179,-.6823370,,70C6C323-D685-4604-874A-CDB999468BFF,Museum Tambang Batu Bara Ombilin (Pusat Dokumentasi dan Arsip PT.BA-UPO) ,PEMERINTAH KABUPATEN,Sumatera Barat,,C,,PEMERINTAH DAERAH,2014,Khusus
286,Jl Trans Sumatera Bukittinggi-Padang Sidempuan,,100.2205280,-,Kab. Pasaman,Bonjol,MS000055,,.0013160,2500,731493F9-CE0F-4798-9701-6B4D9C9180D4,Museum Tuanku Imam Bonjol,PEMERINTAH KABUPATEN,Sumatera Barat,,-,,,1998,Umum
287,Taman Margasatwa dan Budaya Kinantan Jl. Cindur Mato No 10,Baru,100.3705090,-,Kota Bukittinggi,Guguk Panjang,MS000139,2000,-.3006890,,08869918-B390-4E3A-8414-ECE4A12E4823,Museum Zoologi (sumatera barat),PEMERINTAH KOTA,Sumatera Barat,,B,,PEMERINTAH DAERAH,,Khusus
288,Nagari Pandan Gadang,Lama,100.3845370,-,Kab. Lima Puluh Koto,Gunuang Omeh,MS000124,,-.0858420,,4262E17C-529A-43C7-AB3A-D780BDCA8CD7,Rumah Kelahiran Tan Malaka,PEMERINTAH DAERAH,Sumatera Barat,,-,,PEMERINTAH DAERAH,2008,Khusus
289,Jl Raya Padang Panjang Km 6,Baru,100.3770620,-,Kab. Tanah Datar,Sepuluh Koto,MS000011,8000,-.3228900,,16189452-5A06-4912-9E1B-1A88852A6062,Rumah Puisi Taufiq Ismail,swasta,Sumatera Barat,,-,,SWASTA,2008,Khusus
290,kawasan komplek perkantoran Batu Enam,,100.8244240,-,Kab. Rokan Hilir,Batu Hampar,MS000145,,2.1054830,,B04B3EC8-EA86-472C-93CE-FA7763D0EC5E,Museum Ikan Bagansiapiapi,PEMERINTAH KABUPATEN,Riau,,-,,PEMERINTAH DAERAH,,Khusus 
291,Jalan Sultan Syarif Kasim,Lama,102.0484320,-,Kab. Siak,Siak,MS000140,,.7966270,3500,BE9F223A-B091-4AA0-BFCE-EE6938BAD9F8,Museum Istana (Siak) Asserayah  El Hasyimiah,PEMERINTAH KABUPATEN,Riau,,-,,PEMERINTAH DAERAH,,Khusus
292,Desa Pulau Belimbing Kuok,Lama,100.9455140,-,Kab. Kampar,Bangkinang Kota,MS000131,250,.3251090,,B6CE770D-26C9-4566-A2E2-E689519D3892,Museum Kandil Kemilau Emas,PEMERINTAH KABUPATEN,Riau,,-,,PEMERINTAH DAERAH,1988,Umum
293,kawasan komplek perkantoran Batu Enam,,100.8215590,-,Kab. Rokan Hilir,Batu Hampar,MS000016,,2.1034380,,80D2D7BF-AE13-49E7-BBFB-24ACD367F084,Museum Muslim Bagansiapiapi,PEMERINTAH KABUPATEN,Riau,,-,,PEMERINTAH DAERAH,,Khusus 
294,Jl. Jend. Sudirman No.194,Baru,101.4552930,-,Kota Pekanbaru,Bukit Raya,MS000058,4298,.4949880,16930,7A1A35B3-41A3-4E8D-89E1-710CFBA28E20,Museum Negeri  PROVINSI  Riau Sang Nila Utama,PEMERINTAH PROVINSI,Riau,,B,,PEMERINTAH DAERAH,1994,Umum
295,Jl. Sudirman,,101.3865960,-,Kota Pekanbaru,Pekanbaru Kota,MS000106,,.5011080,,DDFF3339-35FE-4910-8D92-C31305A98583,Museum Perempuan,PEMERINTAH PROVINSI,Riau,,-,,PEMERINTAH DAERAH,,
296,kawasan komplek perkantoran Batu Enam,,100.8196400,-,Kab. Rokan Hilir,Batu Hampar,MS000143,,2.1013290,,80E0C2D2-D074-457C-9DEC-F75ABF979471,Museum Sejarah Rokan Hilir,PEMERINTAH KABUPATEN,Riau,,-,,PEMERINTAH DAERAH,,Umum
297,"Jl. Jenderal Sudirman, Daman, Bengkalis",Baru,102.1069760,-,Kab. Bengkalis,Bengkalis,MS000080,,1.4760470,,F948A0B5-DA0B-42F1-B657-921B977E0086,Museum Sultan Syarif Kasim ,PEMERINTAH KABUPATEN,Riau,,-,,PEMERINTAH DAERAH,1997,Khusus
298,kawasan komplek perkantoran Batu Enam,,100.8198000,-,Kab. Rokan Hilir,Batu Hampar,MS000075,,2.1026200,,DD035997-6CFA-4813-8F3C-890401457E8A,Museum Tionghoa Bagansiapiapi,PEMERINTAH KABUPATEN,Riau,,-,,PEMERINTAH DAERAH,,Khusus 
299,Komp Pesantren Wali Peetu Air Hitam Laut,,104.4334530,-,Kab. Tanjung Jabung Timur,Sadu,MS000043,,-1.3138820,,874BA8DE-3150-4DF8-A68D-54DA55B769B7,Museum Air Hitam Laut Tanjung Jabung Timur,swasta,Jambi,,-,,SWASTA,2004,
300,Jembatan Pedestrian Sungai Batang Hari,BAru,103.6142380,-,Kota Jambi,Danau Teluk,MS000093,,-1.5851170,,218B3D07-58BF-4946-90C3-9FFEC3B6B58D,Museum Gentala Arasy Kota Jambi,Dinas Kebudayaan dan Pariwisata Provinsi,Jambi,,-,,PEMERINTAH DAERAH,2014,Umum
301,Jl. Mayjen. Syamsuddin Uban No. 1,Lama,102.2715740,-,Kab. Merangin,Bangko,MS000014,,-2.0751220,,AD63017C-1737-4287-8F27-2246D72076E7,Museum Geopark Merangin,Dinas Kebudayaan dan Pariwisata Kab/Kota,Jambi,,-,,PEMERINTAH DAERAH,2015,Khusus
302,Jl. Urip Sumoharjo No.1,Baru,103.5923990,-,Kota Jambi,Telanai Pura,MS000138,,-1.6099090,,B4F61E82-378F-44C5-BD24-EBDDBE7B964F,Museum Negeri Siginjei PROVINSI Jambi ,PEMERINTAH PROVINSI,Jambi,,A,,PEMERINTAH DAERAH,1988,Umum
303,"Jl. Sultan Agung No.12, Lapangan Banteng",Baru,103.6068650,-,Kota Jambi,Telanai Pura,MS000148,,-1.5962630,,749A2127-13DC-4D0B-A83B-FE5E392AC79D,Museum Perjuangan Rakyat Jambi,Dinas Kebudayaan dan Pariwisata Provinsi,Jambi,,B,,PEMERINTAH DAERAH,1997,Khusus
304,"Jl. Mp. Mangkunegara No. 1, Rt.01, Sukamaju Sako",Lama,104.7653870,-,Kota Palembang,Sako,MS000019,,-2.9441770,,CFDCA31F-68E5-44B5-8CB7-2B4FB6D49951,Museum Dr. A.K. Gani,Yayasan H.J.R.A Masturah A.K. Gani,Sumatera Selatan,,-,,YAYASAN H.J.R.A MASTURAH A.K. GANI,2006,Khusus
305,"Jl. Merdeka No. 1, Kelurahan 19 Hilir",Baru,104.7534720,-,Kota Palembang,Ilir Barat I,MS000003,368,-2.9910390,23565,8EE68A72-8BAE-44FB-93DC-0569D2694F65,Museum Monumen Perjuangan Rakyat Sumatera Bagian Selatan (Monpera Sumbagsel),Dinas Kebudayaan dan Pariwisata Kab/Kota,Sumatera Selatan,,C,,PEMERINTAH DAERAH,1988,Khusus
306,"Jl. Sriwijaya 1  Km. 5,5,  No. 288",Baru,104.7304520,-,Kota Palembang,Sukarami,MS000123,,-2.9508390,,65849FEA-5CD8-4B03-B0C5-D5EF91240A68,Museum Negeri PROVINSI Sumatera Selatan Balaputera Dewa,PEMERINTAH DAERAH,Sumatera Selatan,,A,,PEMERINTAH DAERAH,1984,Umum
307,"Jalan Syakhyakirti, Kelurahan Karanganyar",Baru,104.7292250,-,Kota Palembang,Gandus,MS000042,500,-3.0189580,600,71A0C544-8CA7-4304-97D0-53872280C252,Museum Sriwijaya (Taman Wisata dan Budaya Kerajaan Sriwijaya),Dinas Kebudayaan dan Pariwisata Provinsi,Sumatera Selatan,,B,,PEMERINTAH DAERAH,1994,Khusus
308,Jl. Subkoos  No.1-2,Lama,102.8634240,-,Kota Lubuk Linggau,Lubuk Linggau Barat Ii,MS000101,,-3.3012710,1700,3E5479CC-370E-4FDF-B3C6-B31C7A9427F9,Museum Subkoss Garuda Sriwijaya,Dinas Kebudayaan dan Pariwisata Kab/Kota,Sumatera Selatan,,-,,PEMERINTAH DAERAH,1988,Khusus
309,Jl. Sultan Mahmud Badaruddin II No. 2,Lama,104.7611340,19 Ilir,Kota Palembang,Ilir Barat I,MS000147,,-2.9903400,,A587305F-575B-4E46-8B26-FD2643937BE4,Museum Sultan Mahmud Badaruddin  II,Dinas Kebudayaan dan Pariwisata Kab/Kota,Sumatera Selatan,,C,,PEMERINTAH DAERAH,,Umum
310,"Semidang Aji, Baturaja",Baru,104.1703580,-,Kab. Ogan Komering Ulu,Semidang Aji,MS000031,,-4.1221480,7000,84C103A3-FC2D-4BC3-8A65-3DE4EC6CBAB7,UPTD Museum Sipahit Lidah,PEMERINTAH KABUPATEN,Sumatera Selatan,,-,,PEMERINTAH DAERAH,2013,Khusus
311,"Jl. Ahmad Yani, Desa Beglen",Baru,105.1074960,-,Kab. Pesawaran,Gedung Tataan,MS000076,,-5.3776660,6300,57C1E4BC-34C6-4ED1-A43A-8B6CD1FA904B,Museum Ketransmigrasian Lampung,Dinas Tenaga Kerja dan Transmigrasi Provinsi,Lampung,,B,,PEMERINTAH DAERAH,2004,khusus
312,Jl. Zaenal Abidin Pagar Alam  No. 64,Baru,105.2408770,Gedongmeneng,Kota Bandar Lampung,Rajabasa,MS000009,4747,-5.3722540,18895,0C72D756-FC27-4187-BFC0-193CE3CDA860,Museum Negeri PROVINSI Lampung “Ruwa Jurai,Dinas Kebudayaan dan Pariwisata Provinsi,Lampung,47,A,Pemerintah Kab/Kota,PEMERINTAH DAERAH,1988,Umum
313,"Jl. Sintang – Putussibau,  Km.14 Tanjungpuri",Baru,110.5133040,-,Kab. Sintang,Sintang,MS000427,0,.1544100,0,A65260A6-D131-493D-952F-685E44AAAD62,Museum Kapuas Raya ,Dinas Budpar Kabupaten Sintang,Prop. Kalimantan Barat,0,-,-,-,2004,Umum
314,Komplek Korem,-,111.5058000,-,Kab. Sintang,Sintang,MS000428,0,.0810830,0,4B6458FB-7290-4C01-BFB3-E03F407BEBB0,Museum Komando Operasi Sektor Timur (Mini Korem1205 ),-,Prop. Kalimantan Barat,0,-,-,-,0,-
315,Komp Kantor Bupati,-,109.9792360,-,Kab. Sampang,Matan Hilir Utara,MS000426,0,-1.8441960,0,3DF0858A-E4F3-4DD2-B5F4-2AD784C94FA0,Museum Matan,PEMDA,Prop. Kalimantan Barat,0,-,-,-,0,Umum
316,"Jalan Ahmad Sood Dusun Tumok, Desa Tumok Manggis",-,109.3031590,-,Kab. Sambas,Sambas,MS000429,0,1.3460630,0,BF60A4D4-720B-4D62-B0AC-3B71C76B97B6,Museum Negeri Perjuangan Sambas,-,Prop. Kalimantan Barat,0,-,-,-,0,Khusus
317,Jl. Jenderal A. Yani ,-,109.3427240,-,Kota Pontianak,Pontianak Selatan,MS000425,6256,-.0484600,0,6359A585-CDE5-4CE6-8D3C-52E7FA3E720D,Museum Negeri PROVINSI Kalimantan Barat,"DEPDIKBUD (smp. th. 2002), MENBUDPAR (smp th.2005), 1999/2000 dibawah PEMDA.",Prop. Kalimantan Barat,0,A,-,-,1983,Umum
318,"Jl. Cilik Riwut Km, 2,5",Baru,113.9017340,-,Kota Pontianak,Pontianak Selatan,MS000423,5002,-2.1946600,0,C0AA4E72-EF7E-462E-BC46-F3512E49FB25,Museum Negeri PROVINSI Kalimantan Tengah “Balanga“,"DEPDIKBUD (smp. th. 2002), MENBUDPAR (smp th.2005), 1999/2000 dibawah PEMDA",Prop. Kalimantan Barat,0,B,-,-,1990,Umum
319,Jl. S. Parman No. 1 ,-,112.9588180,-,Kab. Kotawaringin Timur,Mentawa Baru Ketapang,MS000424,0,-2.5386050,0,5E089DF1-46F7-4A93-8C74-2735450BC4A9,Museum Kayu Sampit,Khusus,Prop. Kalimantan Tengah,0,-,-,-,2004,-
320,"Jl. Jend. A. Yani  Km, 36,5",-,114.8475850,-,Kota Banjarbaru,Banjarbaru Utara,MS000421,12017,-3.4394910,0,2D1EFE1C-912B-462B-8F29-0ECA4E76081D,Museum Negeri Provinsi Kalimantan Selatan “Lambung Mangkurat“,"DEPDIKBUD (smp. th. 2002), MENBUDPAR (smp th.2005), 1999/2000 dibawah PEMDA",Prop. Kalimantan Selatan,0,B,-,-,1979,Umum
321,Jl. Sultan Adam Kompleks Haji Andir,Lama,114.6089920,-,Kota Banjarmasin,Banjarmasin Utara,MS000422,500,-3.3033960,0,FA3C95D5-609E-4D3F-979C-6F29E9C307FE,Museum Waja Sampai Kaputing “Perjuangan Rakyat Kalimantan Selatan”,PEMDA,Prop. Kalimantan Selatan,0,C,-,-,1991,Khusus
322,-,-,117.4886720,-,Kab. Berau,Gunung Tabur,MS000420,549,2.1602050,0,68737783-2A57-453A-9044-0FC2D30373B4,Museum Gunung Tabur,-,Prop. Kalimantan Timur,0,-,-,-,1992,-
323,Kawasan Waduk Panji Sukarame Jl. Anggana RT 25 No. 17,-,116.9713110,-,Kab. Kutai Kartanegara,Tenggarong,MS000418,0,-.4059990,0,D4F7E1B3-27CD-4A6A-8C6C-888B8257901E,Museum Kayu TUAH HIMBA,Dinas BUDPAR Kab. Kutai Kartanegara,Prop. Kalimantan Timur,0,C,-,-,1991,Khusus
324,Jl. Keraton Paser Belengkong,-,116.2103130,-,Kab. Paser,Pasir Belengkong,MS000417,0,-1.9486590,0,79375651-CD98-4241-880B-FF84844FF0A2,Museum Keraton Sadurengas Paser Belengkong Sadurengas,PEMDA,Prop. Kalimantan Timur,0,-,-,-,0,Umum
325,Jl Perkantoran 6 Sendawar,-,115.7914000,-,Kab. Kutai Barat,Long Iram,MS000419,0,-.2192430,0,94621B4D-F363-4FE4-9CC5-60355EB9A1CE,Museum Sendawar,Dinbudparpora/ PEMKAB,Prop. Kalimantan Timur,0,-,-,-,0,Umum
326,Jl. Diponegoro No. 26,Baru,116.9910560,-,Kab. Kutai Kartanegara,Tenggarong,MS000416,0,-.4125070,0,4E01990E-CE07-401B-9A16-C6EE1E01B2D2,UPTD Museum Negeri  Provinsi KALTIM “Mulawarman“,"DEPDIKBUD (smp. th. 2002), MENBUDPAR (smp th.2005), 1999/2000 dibawah PEMDA",Prop. Kalimantan Timur,0,A,-,-,1971,Umum
327,Jl. Sam Ratulangi 1,-,124.8450600,-,Kota Manado,Bunaken,MS000389,0,1.4929670,0,B358EB8D-36A9-43ED-BAAE-E01EC69113B3,Museum Minahasa Raad ,Belum diresmikan ,Prop. Sulawesi Utara,0,-,-,-,0,Khusus
328,Jl. Raya Tompaso Desa Tompaso,-,124.7946820,-,Kab. Minahasa,Tompaso Barat,MS000390,0,1.1904790,0,6F7AD8D1-9926-42F5-A444-92CFA61441BE,Museum Narkoba,Swasta/ Perorangan,Prop. Sulawesi Utara,0,-,-,-,0,Khusus
329,Jl. W.R. Supratman No. 72,-,124.8450940,-,Kab. Minahasa Tenggara,Ratahan,MS000387,0,1.4878110,0,29EA1BA6-B45D-4D62-83EB-53F65C3ABC8A,Museum Negeri PROVINSI Sulawesi Utara,"DEPDIKBUD (smp. th. 2002), MENBUDPAR (smp th.2005), 1999/2000 dibawah PEMDA, ",Prop. Sulawesi Utara,0,A,-,-,0,Umum
330,Jl. Bethesda No 78,-,124.8332230,-,Kota Manado,Sario,MS000388,0,1.4631780,0,A5316975-F7DD-493A-A9AC-8FDA2BBD502C,Museum Perjuangan (Kodam VII Wirabuana),PEMDA,Prop. Sulawesi Utara,0,-,-,-,0,Khusus
331,-,Lama,123.5012330,-,Kab. Banggai,Luwuk,MS000393,0,-1.5912870,0,EE127FE2-10C3-44A5-B55F-37F1B107CB27,Museum Daerah Kabupaten Banggai,Pemda,Prop. Sulawesi Tengah,0,-,-,-,2005,Umum
332,"Jl. Kemiri No. 23, Kel. Kamonji",-,119.8540000,-,Kota Palu,Palu Barat,MS000391,7398,-.9022040,0,406F2989-3202-4292-877A-B856DBCB312C,Museum Negeri PROVINSI Sulawesi Tengah ,"DEPDIKBUD (smp. th. 2002), MENBUDPAR (smp th.2005), 1999/2000 dibawah PEMDA",Prop. Sulawesi Tengah,0,A,-,-,0,Umum
333,"Jl. Tepi Laut, Kalili Barat",-,119.8400140,-,Kab. Donggala,Sirenja,MS000392,0,-.6902370,0,69E655DA-DBDB-404C-9FA2-BEDE8559A3FF,Museum Pugung Ulago,SWASTA,Prop. Sulawesi Tengah,0,-,-,-,0,Khusus
334,Jl. Sultan Hasanuddin No.44 Sangguminasa,Lama,119.4524600,-,Kab. Gowa,Somba Opu,MS000400,0,-5.2069180,0,F34F62EC-5B34-40D8-8905-CF863C19AFC0,Museum Balla Lompoa,SWASTA,Prop. Sulawesi Selatan,0,C,-,-,1973,Umum
335,"Jl. Andi Jemma No. 1, Kel. Batu Pasi",Lama,120.1947400,-,Kota Palopo,Wara Utara,MS000399,831,-2.9924390,0,D384B52D-82C8-405C-A01D-32E753199BF8,Museum Batara Guru Istana Datu Luwu ,DisParsenibud Jl. Balai Kota No.1,Prop. Sulawesi Selatan,0,-,-,-,1971,Umum
336,Jl. Buntu Kalando,Lama,119.8994120,-,Kab. Tana Toraja,Sangalla,MS000405,701,-3.0919610,0,AAF3AECD-94D7-447C-BD27-348FBEFE8232,Museum Buntu Kalando,Dinas Parsenibud Jl. Achmad Yani No. 62,Prop. Sulawesi Selatan,0,-,-,-,1980,Khusus
337,Komp Benteng Somba Opu Barombang,-,119.4041520,-,Kab. Gowa,Barombong,MS000412,0,-5.1910930,0,C877CE4B-78B4-462F-B5BB-B637D0E69892,Museum Karaeng Pattingallong,UPTD Pengelola Benteng Soba Opu Disbudpar,Prop. Sulawesi Selatan,0,C,-,-,0,-
338,Jl. Balai Kota No. 11 A,Lama,119.4086260,-,Kota Makassar,Ujung Pandang,MS000408,0,-5.1345970,0,C86650F1-43D2-467C-B5B7-E5C2C940B26C,Museum Kota Makassar,PEMDA,Prop. Sulawesi Selatan,0,C,-,-,2000,Khusus
339,Bantimurung,-,119.6812620,-,Kab. Maros,Bantimurung,MS000409,0,-5.0159980,0,604D2427-0DC4-43FF-B1ED-63BE24FBF820,Museum Kupu-kupu Maros,Dinas Budpar Kab Maros,Prop. Sulawesi Selatan,0,C,-,-,0,Khusus
340,Jl. Bau Massepe No. 66,-,119.6263130,-,Kota Pare-Pare,Bacukiki Barat,MS000411,0,-4.0395900,0,425A1106-EE17-4D19-A44C-02D405E4EF67,Museum La Bangenge,-,Prop. Sulawesi Selatan,0,-,-,-,0,-
341,"Jl. K. H. Thamrin  No. 9,  Watampone",Lama,120.3288590,-,Kab. Bone,Tanete Riattang,MS000401,331,-4.5377500,0,2EA54B02-0A58-4AC9-95A7-38992409C3CF,Museum La Pawawoi,Dinas Parsenibud Jl. A. Yani No. 3,Prop. Sulawesi Selatan,0,-,-,-,1971,Umum
342,Ds Tallunglipu,-,119.8768830,-,Kab. Toraja Utara,Tallunglipu,MS000406,0,-2.9768850,0,1B6A9C9E-B53D-4B5E-950C-489C6DC77B40,Museum Landa Rundun,SWASTA,Prop. Sulawesi Selatan,0,-,-,-,0,Khusus
343,Jl. Jend. Sudirman No. 2,Baru,119.4136360,-,Kota Makassar,Ujung Pandang,MS000404,0,-5.1376420,0,E31C5F42-4E6B-4ADD-BCDD-B71739B4F61E,Museum Monumen Mandala Pembebasan Irian Barat,Disbudpar Sulsel,Prop. Sulawesi Selatan,0,C,-,-,1995,Khusus
344,Komplek Benteng Ujung Pandang Jl. Ujung Pandang No 2,Lama,119.4057610,-,Kota Makassar,Ujung Pandang,MS000398,4999,-5.1342890,0,11CE76BF-9A75-4187-BDD4-935B3F0517A1,Museum Negeri Provinsi Sulawesi Selatan ”La Galigo”,"DEPDIKBUD  (smp. thn. 2002),MENBUDPAR  (smp. thn. 2005), Disbudpar Prop Sulsel",Prop. Sulawesi Selatan,0,A,-,-,1970,Umum
345,Jl. Jend. Sudirman No. 2,-,120.4713100,-,Kab. Kepulauan Selayar,Benteng,MS000402,0,-6.1107130,0,1D5C3323-D780-43CE-AB79-EC331A5D211A,Museum Nekara,PEMDA,Prop. Sulawesi Selatan,0,-,-,-,0,Umum
346,Jl. Jend. A. Yani No.  25,Lama,120.0531190,-,Kab. Wajo,Tempe,MS000403,0,-4.1463540,0,EDA4376E-8AA1-4C85-9F91-55439576B308,Museum Semettengpola Saoraja Mallangga,SWASTA,Prop. Sulawesi Selatan,0,-,-,-,1990,Khusus
347,Jl. A. Makkau  No. 50,-,119.6252260,-,Kota Pare-Pare,Soreang,MS000407,0,-4.0106890,0,8CB5C4EE-F905-4E91-8271-B4DC71059249,Museum We Tepulinge,SWASTA,Prop. Sulawesi Selatan,0,-,-,-,0,Khusus
348,Jl. Labuke,-,122.6014650,-,Kota Baubau,Betoambari,MS000396,0,-5.4737780,0,876FA9F9-3492-4B89-A946-64D79F215345,Museum Istana Buton,-,Prop. Sulawesi Tenggara,0,-,-,-,0,Khusus
349,"Jl. Abunawas,  No. 191, Kelurahan Bende",-,122.5117030,-,Kota Kendari,Baruga,MS000394,0,-3.9744540,0,7E885F4C-DCF4-4CD6-B6AA-1E07708A6E06,Museum Negeri PROVINSI Sulawesi Tenggara,"DEPDIKBUD (smp. th. 2002), MENBUDPAR (smp th.2005), 1999/2000 dibawah PEMDA",Prop. Sulawesi Tenggara,0,B,-,-,1991,Umum
350,Kabupaten Wakatobi,-,123.5389690,-,Kab. Wakatobi,Kaledupa,MS000397,0,-5.3498760,0,5EA01645-5DDD-46AA-841C-836A21C4BE6D,Museum Terapung Kabupaten Wakatobi,-,Prop. Sulawesi Tenggara,0,-,-,-,0,Umum
351,Lt IV Gdg. Pascasarjana Univ Halu Oleo,-,122.5219840,-,Kota Kendari,Kendari Barat,MS000395,0,-4.0076750,0,ED22BD7A-A3E5-488B-BC49-C3E9424CBCAF,Museum Wallacea Universitas Halu Oleo Kendari,"Universitas Haluoleo, Kendari",Prop. Sulawesi Tenggara,0,B,-,-,0,-
352,Jl. Bung Hatta,-,129.8920680,-,Kab. Maluku Tengah,Salahutu,MS000381,0,-4.5214480,0,1B8C63D0-3B86-49C4-B234-5EF308D3C0F5,Museum Bung Hatta,Pemkab,Prop. Maluku,0,-,-,-,0,Khusus
353,Jl. Taman Makmur,Lama dan Baru,128.1528120,-,Kota Ambon,Nusaniwe,MS000380,0,-3.7132400,0,9DCBD954-0452-4664-BD0A-1D53C4F0C7BB,Museum Negeri PROVINSI Maluku “Siwa Lima“,"DEPDIKBUD (smp. th. 2002), MENBUDPAR (smp th.2005), 1999/2000 dibawah PEMDA",Prop. Maluku,0,B,-,-,1977,Umum
354,Jl. Raya Pengelokan,-,115.3644660,-,Kab. Bangli,Kintamani,MS000346,0,-8.2838530,0,B16CC26B-D535-4CB5-BDBD-0186C8ED74B5, Museum Gunung Api Batur/Vulkanologi,Diresmikan 10 Mei 2010. Kementerian ESDM.,Prop. Bali,0,C,-,-,0,Khusus
355,Ds. Peliatan Jl. Bima,-,115.2637900,-,Kab. Gianyar,Ubud,MS000336,0,-8.5231080,0,E3F182BB-74B5-4B48-AE60-A7DDE0C83C26,Museum  ARMA,Yayasan ARMA,Prop. Bali,0,B,-,-,1996,Khusus
356,Jl. Hang Tuah,Baru,115.2636710,-,Kota Denpasar,Denpasar Selatan,MS000328,88,-8.6751480,0,1647D41F-954C-48EC-A03B-ED35B843558B,Museum  Le  Mayeur ,PEMDA,Prop. Bali,0,B,-,-,1985,Khusus
357,Jl. Untung Surapati No. 3,Lama,115.4026400,-,Kab. Klungkung,Klungkung,MS000327,0,-8.5355940,0,752FE48B-03DB-473F-8A19-0B941E3391B0,Museum  Semarajaya,Dinas BUDPAR Kab Klungkung,Prop. Bali,0,B,-,-,1992,Khusus
358,"Jl. Gatot Subroto, Ds. Banjar Anyar",-,115.1380760,-,Kab. Tabanan,Kediri,MS000330,0,-8.5453940,0,8A66ACA4-44A4-43A6-A59E-718CF3787262,Museum  Subak,Perda Pemprop Bali No. 02/PD/DPRD/1972 Disbudpar Kab. Tabanan.,Prop. Bali,0,B,-,-,0,Khusus
359,Jl. Nakula 33x Legian-Kuta,baru,115.1766780,-,Kab. Badung,Kuta,MS000358,0,-8.6995750,0,09657C2B-6ED8-4433-9CA9-D8EDA0677D72,Museum 3D DMZ,-,Prop. Bali,0,C,-,-,0,-
360,Jl. Pegangsaan Timur 56,-,115.2254060,-,Kota Denpasar,Denpasar Selatan,MS000355,0,-8.6730260,0,ACCFC7DD-3E98-481A-A4FA-1C2B89FFC6DF,Museum Agung Bung Karno ,Yayasan Kepustakaan Bung Karno,Prop. Bali,0,-,-,-,0,-
361,Jl. Mertanadi Kompleks Pertokoan Sunset Paradise no 169,-,115.1838180,-,Kab. Badung,Kuta,MS000356,0,-8.7091930,0,E9788798-EF41-4128-8B67-C356DF4C53F7,Museum Becak,-,Prop. Bali,0,C,-,-,0,-
362,J. Raya Campuhan Desa Sayan,-,115.2541540,-,Kab. Gianyar,Ubud,MS000344,70,-8.5056110,0,56294D6F-9296-4ABE-BC0E-95913FC969FF,Museum Blanco Renaissance,SWASTA/YAYASAN,Prop. Bali,0,C,-,-,0,Khusus
363,Jl. Veteran No. 23,-,115.0968080,-,Kab. Buleleng,Buleleng,MS000343,0,-8.1248040,0,F90CBA18-2137-4106-9CEB-993657146188,Museum Buleleng,PEMDA,Prop. Bali,0,-,-,-,0,Umum
364,Jl. Veteran No. 20,-,115.0963450,-,Kab. Buleleng,Buleleng,MS000337,3000,-8.1244240,0,25FD0158-4B02-40D6-860A-1DB0C5E30815,Museum Gedong Kirtya,PEMDA,Prop. Bali,0,-,-,-,0,Khusus
365,Jl. Raya Tampaksiring,-,115.2927600,-,Kab. Gianyar,Blahbatuh,MS000329,0,-8.5197930,0,5D9711AD-72A7-49A9-948F-7919A813D171,Museum Gedung Arca (Museum Arkeologi),BP3 Bali ,Prop. Bali,0,C,-,-,1974,Khusus
366,Desa Kemenuh,-,115.2876400,-,Kab. Gianyar,Sukawati,MS000350,0,-8.5581170,0,8852E75E-83F0-4F9E-9A4D-F87352098379,Museum Ida Bagus Marka,-,Prop. Bali,0,-,-,-,0,-
367,"Jl. Pantai Kuta, Alang Gallerie, Beach walk Shooping Center Lt. 3 ",-,115.1698110,-,Kab. Badung,Kuta,MS000353,0,-8.7165430,0,BDACAC95-DB1A-4C94-AADC-005C2B4C8335,Museum Kain,-,Prop. Bali,0,B,-,-,0,-
368,"Jl. Nusa Indah, ISI Denpasar",-,115.2327850,-,Kota Denpasar,Denpasar Timur,MS000348,0,-8.6539090,0,8B43A099-1E7C-4878-90D7-3B2014F12890,Museum Latta Mahosadhi ,dibuka pada 16 Juni 1997,Prop. Bali,0,C,-,-,0,-
369,Jl. Hayam Wuruk No. 175,-,115.2405610,-,Kota Denpasar,Denpasar Selatan,MS000338,0,-8.6632760,0,2ED97564-D3E6-4718-A71D-59758B160AEC,Museum Lukisan Sidik Jari,YAYASAN KERTI BUDAYA,Prop. Bali,0,C,-,-,0,Khusus
370,"Jalan Ayodya No. 7, Kel Gulingan",-,115.1705350,-,Kab. Badung,Mengwi,MS000351,0,-8.5437470,0,521B4683-D6F5-4605-BCC4-154251361C29,Museum Manusa Yadnya,Pemda berdiri sejak tahun 1974,Prop. Bali,0,C,-,-,0,-
371,"Jl. Raya Ubud, Bali (di dalam area Museum Puri Lukisan)",baru,115.2603030,-,Kab. Gianyar,Ubud,MS000341,0,-8.5052430,0,85C4F7C3-38AE-44A5-AE69-843BA0EE5C95,Museum Marketing 3.0,SWASTA,Prop. Bali,0,-,-,-,2011,Khusus
372,Desa Marga Dauh,-,115.1571780,-,Kab. Tabanan,Marga,MS000339,0,-8.4700880,0,C5248659-08B6-40C0-BB11-5D0A7EBB00D1,Museum Monumen Nasional Taman Pujaan Bangsa Margarana,YAYASAN Kebaktian Proklamasi,Prop. Bali,0,C,-,-,0,Khusus
373,Blok  P  Komp BTDC Nusa Dua,-,115.2305630,-,Kab. Badung,Kuta Selatan,MS000349,0,-8.7999100,0,883EB115-7FE7-47EE-9393-F345B231EC7D,Museum Pasifika,-,Prop. Bali,0,A,-,-,0,-
374,80571Bale Bali,-,115.2634960,-,Kab. Gianyar,Ubud,MS000340,0,-8.5193680,0,7D646D1C-C056-43B2-A089-64422176B917,Museum Pendet Gianyar,SWASTA,Prop. Bali,0,C,-,-,0,Khusus
375,Jl. Raya Ubud,-,115.2630860,-,Kab. Gianyar,Ubud,MS000335,0,-8.5072920,0,0D6C7C33-BB80-4ED5-9B2D-2C4F6F68A364,Museum Puri Lukisan Ratna Warna,YAYASAN,Prop. Bali,0,B,-,-,0,Khusus
376,"Jl. Cok Rai Pudak No. 44, Kel.Paliatan",-,115.2711350,-,Kab. Gianyar,Ubud,MS000332,398,-8.5297340,0,6C28467D-9586-40B3-BCA9-3AC9719D303E,Museum Rudana,SWASTA,Prop. Bali,0,A,-,-,1995,Khusus
377,"Jl Prebangsa, Gg Sunaren 9, Banjar Gede Batuan",-,115.2805250,-,Kab. Gianyar,Sukawati,MS000347,0,-8.5856850,0,E5F42151-72CF-4E39-A8A5-BD734EBB9E71,Museum Seni Batuan,-,Prop. Bali,0,C,-,-,0,Khusus
378,"Jl.  Raya  Banda   No. 1,  Takmung",-,115.3868810,-,Kab. Klungkung,Banjarangkan,MS000333,0,-8.5518590,0,24BC8D88-32DC-40B6-A4E3-922167231483,Museum Seni Lukis Klasik Bali “Nyoman Gunarsa”,YAYASAN,Prop. Bali,0,C,-,-,0,Khusus
379,Jl. Raya Sanggingan,-,115.2537580,-,Kab. Gianyar,Ubud,MS000331,1501,-8.4920610,0,D7A986FC-14C2-415B-BD78-CDF501287F48,Museum Seni Neka,Didirikan 7-7-1982 Yayasan Dharma Seni,Prop. Bali,0,B,-,-,1982,Khusus
380,Jl. Melaya,-,114.4406870,-,Kab. Jembrana,Melaya,MS000334,0,-8.1672650,0,AD290F8C-5DB3-42A4-B7C2-786D658112DB,Museum Situs Purbakala (Museum Alam Manusia Purba),PEMDA,Prop. Bali,0,-,-,-,0,Khusus
381,Jl. Tegal Bingin Banjar Tengkulak Tengah,-,115.2795320,-,Kab. Gianyar,Sukawati,MS000354,0,-8.5343380,0,FDD4CBFD-7C27-4AA1-A0F7-77E4704155F3,Museum Topeng dan Wayang Setia Darma ,-,Prop. Bali,0,A,-,-,0,-
382,Jl. Sunset Road No.789 Seminyak,-,115.1717470,-,Kab. Badung,Kuta,MS000357,0,-8.6877640,0,14E807F3-C1C1-40EE-B7C6-345A033CBEF6,Museum Trick Art 3D,-,Prop. Bali,0,C,-,-,0,-
383,"Jl. Mayor Wisnu, Kelurahan Br. Abasan",-,115.2430410,-,Kota Denpasar,Denpasar Timur,MS000326,0,-8.6424990,0,5E9BE50E-D3D1-42D4-B66B-8C942B4AF43D,Museum UPTD Bali,"DEPDIKBUD (smp. th. 2002), MENBUDPAR (smp th.2005), 1999/2000 dibawah PEMDA",Prop. Bali,0,B,-,-,0,Umum
384,Jl. Trenggana No. 108 Penatih,-,115.2322810,-,Kota Denpasar,Denpasar Timur,MS000352,0,-8.7995510,0,89F575F2-96D1-44DE-91A6-5B7506BDBC21,Putrawan Museum of Tribal Art (PUMA),Swasta,Prop. Bali,0,A,-,-,2004,Khusus
385,"Banjar Abiansemal, Lodtunduh",-,114.9639410,-,Kab. Gianyar,Ubud,MS000342,0,-8.2075500,0,C96566D0-6E86-452F-A7E0-190A0945F06A,Runa  House  of  Design  & Museum ,SWASTA,Prop. Bali,0,B,-,-,0,Khusus
386,-,-,115.3077090,-,Kab. Gianyar,Tampak siring,MS000359,0,-8.4517550,0,641963DE-F476-455B-8FCC-7282B0C5EA2F,Soekarno Centre,-,Prop. Bali,0,-,-,-,0,-
387,Jl. Raya Puputan Niti Mandala,-,115.2338880,-,Kota Denpasar,Denpasar Timur,MS000345,0,-8.6717690,0,12EF3904-3D04-462A-B2E1-021B89343D31,UPT. Monumen Perjuangan Rakyat Bali ,PEMKOT,Prop. Bali,0,B,-,-,2003,Khusus
388,"Jl. Sultan Ibrahim  No. 2, Kel. Paruga",Lama,118.7274810,-,Kota Bima,RasanaE Barat,MS000362,0,-8.4538960,0,8165CEA6-6DC8-42FF-BD7B-7C41FEB17F56,Museum Asi Mbojo ,PEMDA,Prop. Nusa Tenggara Barat,0,C,-,-,0,Umum
389,"Jalan Dalam Loka, Kelurahan Seketeng",-,117.3632130,-,Kab. Sumbawa,Sumbawa,MS000363,0,-8.6542120,0,B2E49C01-8EF5-42B8-B8DC-AB8AEB700AFE,Museum Dalam Loka Sumbawa /Museum Samawa (Istana Tua),PEMDA,Prop. Nusa Tenggara Barat,0,-,-,-,0,Umum
390,Jl. Panji Tilar Negara No. 6,-,116.0857580,-,Kota Mataram,Ampenan,MS000360,7387,-8.5849040,0,B28311D9-1757-4661-AE73-D50FE63355E5,Museum Negeri Propinsi NTB,"DEPDIKBUD (smp. th. 2002), MENBUDPAR (smp th.2005), 1999/2000 dibawah PEMDA",Prop. Nusa Tenggara Barat,0,B,-,-,1982,Umum
391,Jl. Gajah Mada No. 2 ,-,118.7438240,-,Kota Bima,Mpunda,MS000361,0,-8.4583100,0,6C1EE114-6907-42A0-99CA-1EC4A300FFF8,Museum Samparaja,"Yayasan Museum Kebudayaan ""Samparaja"" Bima",Prop. Nusa Tenggara Barat,0,B,-,-,1995,-
392,"Jl Diponegoro, Kota Kalabahi",-,124.5180800,-,Kab. Alor,Alor Barat Daya,MS000373,0,-8.2141170,0,62E33814-82F6-4648-9B5D-C347A1D82BFC,Museum 1000 Moko,Dinas BUDPAR Kabupaten Alor,Prop. Nusa Tenggara Timur,0,-,-,-,0,Khusus
393,Jl. Moh. Hatta,-,121.6340110,-,Kab. Ende,Ende Selatan,MS000369,0,-8.8688610,0,0E3E661D-3668-4CD7-8816-68E4868BBD6B,Museum Bahari Ende,SWASTA,Prop. Nusa Tenggara Timur,0,-,-,-,1996,Khusus
394,Kompleks Seminari Tinggi St. Paulus Ledalero,-,122.2200160,-,Kab. Sikka,Nita,MS000365,0,-8.6213430,0,2F1922B4-B808-4CF1-BC5F-910B2B84C23A,Museum Bikon Blewut ,SWASTA,Prop. Nusa Tenggara Timur,0,-,-,-,0,Khusus
395,Jl. Raya Eltari II Kota Baru,-,123.6457730,-,Kota Kupang,Kota Lama,MS000364,6199,-10.1567460,0,267405E2-C186-4812-A4B8-82111C376AB4,Museum Daerah Nusa Tenggara Timur,"DEPDIKBUD (smp. th. 2002), MENBUDPAR (smp th.2005), 1999/2000 dibawah PEMDA",Prop. Nusa Tenggara Timur,0,B,-,-,0,Umum
396,"Ende, Nusa Tenggara Timur",-,121.6445900,-,Kab. Ende,Ende,MS000372,0,-8.8406850,0,85044138-CEF5-429D-ADF8-6C798D8EB26C,Museum Rumah Pengasingan Soekarno di Ende,"Yayasan Ende Flores, 1 Juni 2013",Prop. Nusa Tenggara Timur,0,B,-,-,0,Khusus
397,Jl. MKGR. Mignel Rangel No. 1-2,-,122.9567130,-,Kab. Flores Timur,Wulang Gitang,MS000367,0,-8.3467790,0,3CCB7FCA-F367-47C5-B5C2-CEE7F7221F99,Museum San Dominggo,SWASTA,Prop. Nusa Tenggara Timur,0,-,-,-,0,Umum
398,Kabupaten Manggarai ,-,120.3628470,-,Kab. Manggarai Timur,Kota Komba,MS000366,0,-8.6707730,0,CE04F0CB-AAA8-4A98-B449-8F6D971064A6,Museum Seminari Pius  XII  Kisol,SWASTA,Prop. Nusa Tenggara Timur,0,-,-,-,0,Khusus
399,"Jl. Ir. Soekarno, Gedung Sao Ria",-,121.6561000,-,Kab. Ende,Ende Selatan,MS000370,0,-8.8513500,0,8027BF4D-E7E1-4DDD-A094-2D14745E272B,Museum Tenun Ikat Ende,SWASTA,Prop. Nusa Tenggara Timur,0,-,-,-,0,Khusus
400,Kabupaten Manggarai,-,120.3900580,-,Kab. Manggarai Timur,Elar,MS000371,0,-8.7044980,0,F1D744B4-3753-425C-83E1-6FCFD9D5BC7A,Museum Verheijen ,SWASTA,Prop. Nusa Tenggara Timur,0,-,-,-,0,Khusus
401,Jl. Rumah Budaya No. 212,-,119.8883850,-,Kab. Sumba Barat Daya,Loura,MS000374,0,-9.7076700,0,866D1981-0EB7-4C73-8CAD-ADDEA5700278,Rumah Budaya Sumba,-,Prop. Nusa Tenggara Timur,0,-,-,-,2011,Khusus
402,Jl. Keuskupan,-,138.1389140,-,Kab. Asmat,Agats,MS000377,0,-5.5386590,0,5701C028-B8B6-4E3D-B554-66D5BEE0986C,Museum Kebudayaan Asmat ,SWASTA,Prop. Papua,0,-,-,-,0,Khusus
403,"Jl. Raya Sentani Km. 17,8",-,134.0756110,-,Kota Jayapura,Abepura,MS000375,0,-.8657520,0,FA27B648-AFB5-4233-9320-DB7484280202,Museum Negeri Provinsi Papua,"DEPDIKBUD (smp. th. 2002), MENBUDPAR (smp th.2005), 1999/2000 dibawah PEMDA",Prop. Papua,0,B,-,-,1990,Umum
404,Ds. Wesaput,-,138.9428900,-,Kab. Jaya Wijaya,Wamena,MS000378,0,-4.0996340,0,B45023A3-4E56-4EA4-9C48-1D82307EEA26,Museum Pilamo Adat,PEMDA,Prop. Papua,0,-,-,-,0,Khusus
405,Jl. Raya Abepura-Sentani,-,115.3077090,-,Kota Jayapura,Abepura,MS000376,2000,-8.4517550,0,3B80E4C3-4044-45BC-A2F1-7106AEC98B60,soekarno Centre,PEMDA,Prop. Papua,0,B,-,-,1973,Khusus
406,"Jl. Pembangunan No.8, Padang Harapan",Baru,102.2875890,-,Kota Bengkulu,Gading Cempaka,MS000116,5837,-3.8156620,9974,5B6BC43E-7C48-474F-906B-CE544B26FC6F,Museum Negeri PROVINSI Bengkulu,PEMERINTAH DAERAH,Bengkulu,,A,,PEMERINTAH DAERAH,1980,Umum
407,Jl. Soekarno Hatta – Bengkulu. Pasar Anggust Atas,Lama,102.2612630,-,Kota Bengkulu,Gading Cempaka,MS000023,,-3.7989870,162,81E0B256-005F-4223-8334-36C39E5CDF48,Museum Rumah Bung Karno,PEMERINTAH DAERAH,Bengkulu,,-,,PEMERINTAH DAERAH,,Khusus
408,Jl. Perwira,-,121.6565040,-,Kota Bengkulu,Gading Cempaka,MS000368,0,-8.8511880,0,F5118BE4-5A64-4439-A577-D7BE89486227,Museum Situs Bung Karno ,PEMDA,Prop. Bengkulu,0,-,-,-,0,Khusus
409,Jl. Sultan Khairun,Baru,127.3840310,-,Kota Ternate,Ternate Utara,MS000382,0,.8004700,0,AF28819F-9B06-476D-A375-F5098B457790,Museum Memorial Kedaton Sultan Ternate,Pemda,Prop. Maluku Utara,0,-,-,-,1982,Khusus
410,Pulau Morotai,-,128.2827460,-,Kab. Kepulauan Morotai,Morotai Utara,MS000384,0,2.0139520,0,FBEE62A1-FC99-49A4-90B5-87CD938213B6,Museum Perang Dunia Kedua dan Trikora di Pulau Morotai Maluku Utara,-,Prop. Maluku Utara,0,-,-,-,0,-
411,Ternate,-,127.3758820,-,Kota Tidore Kepulauan,Kota Tidore Kepulauan,MS000385,0,.7818730,0,74D220DE-5876-41E4-9D01-9BA4830D8FEC,Museum Rempah,-,Prop. Maluku Utara,0,-,-,-,0,-
412,Jl. Raya Sio-Sio,Lama,127.4469370,-,Kota Tidore Kepulauan,Tidore,MS000383,0,.6630500,0,C2BE5DFF-C716-4C46-8C2A-2B477C10DED5,Museum Soninye Malige,SWASTA,Prop. Maluku Utara,0,-,-,-,1982,Khusus
413,"Jl Cilame No 20, kawasan Pasar Lama",Lama,106.6296960,-,Kota Tangerang,Tangerang,MS000092,,-6.1786880,,B4561470-0120-49C8-8B7B-9EB3B0EECDC8,Museum Benteng Heritage,PEMERINTAH DAERAH,Banten,,A,,,,
414,Jl Brigjen KH Syam`un Nomor 5,Lama,106.1507090,-,Kota Serang,Serang,MS000072,,-6.1160920,,995096BE-7123-42E3-A4F0-880332AD6124,Museum Negeri Provinsi Banten,,Banten,,,,,2015,Umum
415,"Menara Matahari lantai 3 Jl. Boulevard Palem Raya No. 7, Lippo Village",,106.6069120,-,Kota Tangerang,Karawaci,MS000001,880,-6.2398540,,16290120-95B9-41BD-A80E-0053B1C45472,Museum Pelita Harapan,SWASTA,Banten,,-,,,,Khusus
416,Tangerang,,106.1594440,-,Kota Tangerang,Tangerang,MS000112,,-6.1533230,,B42D3EBD-B7BC-4889-853E-C9FC53FDCFAF,Museum Sepeda,Swasta,Banten,,-,,,,
417,Jl. Mesjid Agung Banten/ Jl lt Djidun (Kom Perkantoran),Baru,106.1571670,-,Kota Serang,Kasemen,MS000066,,-6.0394900,10000,B65A6C71-3AB6-4790-9E7E-80CF8BC04940,Museum Situs Kepurbakalaan Banten Lama,PEMERINTAH PROVINSI,Banten,,B,,,,Umum
418,Jl. Laskar Pelangi 10 Gantong,,108.1641060,-,Kab. Belitung Timur,Gantung,MS000044,,-2.9670050,,CA7D5C29-922B-4DBD-A04F-56217B1333A7,Museum Kata Andrea Hirata,Swasta,Bangka Belitung,,B,,SWASTA ,2010,Khusus
419,Jl. Melati No. 41 A,Baru,107.6544040,-,Kab. Belitung,Tanjung Pandan,MS000038,,-2.7397280,,0E301FBD-5553-431A-B167-471671DABF3A,Museum Tanjung Pandan (UPTD Museum Pemkab. Belitung) ,PEMERINTAH DAERAH,Bangka Belitung,,C,,PEMERINTAH DAERAH,1962,Umum
420,Jl. Ahmad Yani No. 179,Lama,106.1096420,-,Kota Pangkalpinang,Gerunggang,MS000104,,-2.1183480,,3DEE70BD-0AA2-4625-BA4B-B88FEFD0670B,Museum Timah Indonesia,PT. TIMAH,Bangka Belitung,,-,,PT. TIMAH,1997,Khusus
421,-,-,123.0597530,-,Kab. Gorontalo,Batudaa,MS000386,0,.5456250,0,34072DE4-8CD7-4F31-A855-FB484B15ECDB,Museum Negeri Provinsi Gorontalo,-,Prop. Gorontalo,0,-,-,-,2015,Umum
422,"Komplek Istana Damnah, Jl. Raja Muhammad Yusuf, Daik",Baru,104.6007160,-,Kab. Lingga,Lingga,MS000036,5700,-.2161180,,B7FF93D3-F9B5-4011-B092-45D7B3A5C248,Museum Linggam Cahaya,PEMERINTAH KABUPATEN,Kepulauan Riau,,-,,PEMERINTAH DAERAH,2003,Khusus 
423,Jl. Imam H. Ismail Bang Tok Ilok No. 31,Baru,108.3671790,Ranai Darat,Kab. Natuna,Bunguran Timur,MS000047,,3.9490930,,C4CC0165-C9EA-492E-A5D5-58560A5AD52D,Museum Sri Serindit,PEMERINTAH KABUPATEN,Kepulauan Riau,,-,,PEMERINTAH DAERAH,2008,Umum
424,Jl. Ketapang no.2,Lama,104.4439700,-,Kota Tanjungpinang,Tanjung Pinang Barat,MS000111,600,.9292680,,1A9B9BD1-4862-48BC-A994-C894F346BF12,Museum Sultan Sulaiman Badrul Alamsyah,PEMERINTAH KOTA,Kepulauan Riau,,-,,PEMERINTAH DAERAH,2009,Umum
425,Pulau Mansinam,-,134.0925020,-,Kab. Manokwari,Manokwari Timur,MS000379,0,-.8909960,0,19D06F43-C864-4A94-8F1D-88A651E1E03C,Museum Perkabaran Injil di Mansinam,-,Prop. Papua Barat,0,-,-,-,0,-
426,Jl. Raden Suradi No. 17,Lama,118.9534910,-,Kab. Majene,Banggae,MS000413,1304,-3.5465640,0,7B7C98B8-83D3-4DE1-AA4C-8463A3387F44,Museum Daerah Mandar Kabupaten Majene,Pemda Kab. Majene,Prop. Sulawesi Barat,0,-,-,-,1989,Umum
427,-,-,119.3782910,-,Kab. Mamasa,Mamasa,MS000415,0,-2.9429350,0,0D5708E5-BC6B-4AE4-82E0-FE2BED5D4529,Museum Kabupaten Mamasa,-,Prop. Sulawesi Barat,0,-,-,-,0,-
428,Jl. KS. Tubun,-,118.8844140,-,Kab. Mamuju,Mamuju,MS000414,0,-2.6761670,0,52E59DF8-9513-4EDB-87AC-949EB07FF732,Museum Kabupaten Mamuju,-,Prop. Sulawesi Barat,0,-,-,-,0,Umum
